{
    "abstract_sentences": {
        "1": "There is a growing demand for automatic assessment of spoken English proficiency.", 
        "2": "These systems need to handle large variations in input data owing to the wide range of candidate skill levels and L1s, and errors from ASR.", 
        "3": "Some candidates will be a poor match to the training data set, undermining the validity of the predicted grade.", 
        "4": "For high stakes tests it is essential for such systems not only to grade well, but also to provide a measure of their uncertainty in their predictions, enabling rejection to human graders.", 
        "5": "Previous work examined Gaussian Process (GP) graders which, though successful, do not scale well with large data sets.", 
        "6": "Deep Neural Networks (DNN) may also be used to provide uncertainty using Monte-Carlo Dropout (MCD).", 
        "7": "This paper proposes a novel method to yield uncertainty and compares it to GPs and DNNs with MCD.", 
        "8": "The proposed approach explicitly teaches a DNN to have low uncertainty on training data and high uncertainty on generated artificial data.", 
        "9": "On experiments conducted on data from the Business Language Testing Service (BULATS), the proposed approach is found to outperform GPs and DNNs with MCD in uncertainty-based rejection whilst achieving comparable grading performance."
    }, 
    "body_sentences": {
        "1": "  Proceedings of the 55th Annual Meeting of the Association for Computational Linguistics (Short Papers), pages 45\u201350 Vancouver, Canada, July 30 - August 4, 2017. c\u00a92017 Association for Computational Linguistics\nhttps://doi.org/10.18653/v1/P17-2008  1 Introduction  Systems for automatic assessment of spontaneous spoken language proficiency (Fig.", 
        "2": "1) are becoming increasingly important to meet the demand for English second language learning.", 
        "3": "Such systems are able to provide throughput and consistency\nwhich are unachievable with human examiners.", 
        "4": "This is a challenging task.", 
        "5": "There is a large vari-\nation in the quality of spoken English across all proficiency levels.", 
        "6": "In addition, candidates of the same skill level will have different accents, voices, mispronunciations, and sentence construction errors.", 
        "7": "All of which are heavily influenced by the candidate\u2019s L1 language and compounded by ASR errors.", 
        "8": "It is therefore impossible in practice to observe all these variants in training.", 
        "9": "At test time, the predicted grade\u2019s validity will decrease the more the candidate is mismatched to the data used to train the system.", 
        "10": "For deployment of these systems to high-stakes tests the performance on all candidates needs to be consistent and highly correlated with human graders.", 
        "11": "To achieve this it is important that these systems can detect outlier speakers who need to be examined by, for example, human graders.", 
        "12": "Previously, separate models were used to filter out \u201dnon-scorable\u201d candidates (Yoon and Xie, 2014; Zechner et al., 2009; Higgins et al., 2011; Xie et al., 2012).", 
        "13": "However, such models reject candidates based on whether they can be scored at all, rather than an automatic grader\u2019s uncertainty 1 in its predictions.", 
        "14": "It was shown by van Dalen et al.", 
        "15": "(2015) that Gaussian Process (GP) graders give\n1Uncertainty is used in the sense of the inverse of confidence to be consistent with Gal and Ghahramani (2016) and van Dalen et al.", 
        "16": "(2015).", 
        "17": "45\nstate-of-the-art performance for automatic assessment and yield meaningful uncertainty estimates for rejection of candidates.", 
        "18": "There are, however, computational constraints on training set sizes for GPs.", 
        "19": "In contrast, Deep Neural Networks (DNNs) are able to scale to large data sets, but lack a native measure of uncertainty.", 
        "20": "However, Gal and Ghahramani (2016) have shown that Monte-Carlo Dropout (MCD) can be used to derive an uncertainty estimate for a DNN.", 
        "21": "Alternatively, a Deep Density Network (DDN), which is a Mixture Density Network (Bishop, 1994) with only one mixture component, may be used to yield a mean and variance corresponding to the predicted grade and the uncertainty in the prediction.", 
        "22": "Similar to GP and DNNs with MCD, a standard DDN provides an implicit modelling of uncertainty in its prediction.", 
        "23": "This implicit model may not be optimal for the task at hand.", 
        "24": "Hence, a novel approach to explicitly model uncertainty is proposed in which the DDN is trained in a multitask fashion to model a low variance real data distribution and a high variance artificial data distribution which represents candidates with unseen characteristics.", 
        "25": "2 Prediction Uncertainty  The principled method for dealing with uncertainty in statistical modelling is the Bayesian approach, where a conditional posterior distribution over grades, g, given inputs, x, and training data D = {g\u0302, x\u0302} is computed by marginalizing over all models:\np(g|x,D) = \u222b p(g|x,M)p(M|D)dM (1)\nwhere p(M|D) is a prior over a model given the data.", 
        "26": "Given the posterior, the predictive mean and the variance (uncertainty) can be computed using:\n\u00b5g(x) =\n\u222b p(g|x,D)gdg\n\u03c32g(x) = \u222b p(g|x,D)g2dg \u2212 \u00b52g(x)\n(2)\n(3)  2.1 Gaussian Processes  Eq.", 
        "27": "2, 3 can be analytically solved for a class of models called Gaussian Processes (GP) (Rasmussen and Williams, 2006), a powerful nonparametric model for regression.", 
        "28": "The GP induces\na conditional posterior in the form of a normal distribution over grades g given an input x and training data D:\np(g|x;D) = N (g;\u00b5g(x|D), \u03c32g(x|D)) (4)\nWith mean function \u00b5g(x|D) and variance function \u03c32g(x|D), which is a function of the similarity of an input x to the training data inputs x\u0302, where the similarity metric is defined by a covariance function k(., .).", 
        "29": "The nature of GP variance means that the model is uncertain in predictions for inputs far away from the training data, given appropriate choice of k(., .).", 
        "30": "Unfortunately, without sparsification approaches, the computational and memory requirements of GPs become prohibitively expensive for large data sets.", 
        "31": "Furthermore, GPs are known to scale poorly to higher dimensional features (Rasmussen and Williams, 2006).", 
        "32": "2.2 Monte-Carlo Dropout  Alternatively, a grader can be constructed using Deep Neural Networks (DNNs) which have a very flexible architecture and scale well to large data sets.", 
        "33": "DNNs, however, lack a native measure of uncertainty.", 
        "34": "Uncertainty estimates for DNNs can be computed using a Monte-Carlo ensemble approximation to Eq.", 
        "35": "2, 3:\n\u00b5\u0302g(x) = 1\nN\nN\u2211\ni=1\nf(x;M(i))\n\u03c3\u03022g(x) = 1\nN\nN\u2211\ni=1\n( f(x;M(i)) )2 \u2212 \u00b5\u03022g(x)\n(5)\n(6)\nwhere there are N DNN models in the ensemble, M(i) is a DNN with a particular architecture and parameters sampled from p(M|D) using Monte Carlo Dropout (MCD) (Srivastava et al., 2014), and f(x;M(i)) are the DNN predictions.", 
        "36": "Recent work by Gal and Ghahramani (2016) showed that MCD is equivalent to approximate variational inference in GPs, and can be used to yield meaningful uncertainty estimates for DNNs.", 
        "37": "Furthermore, Gal and Ghahramani (2016) show that different choices of DNN activation functions correspond to different GP covariance functions.", 
        "38": "MCD uncertainty assumes that for inputs further from the training data, different subnets will produce increasingly differing outputs, leading to larger variances.", 
        "39": "Unfortunately, it is difficult to know beforehand which activation functions accomplish this in practice.", 
        "40": "3 Deep Density Networks  Instead of relying on aMonte Carlo approximation to Eq.", 
        "41": "1, a DNN can be modified to produce a prediction of both a mean and a variance:\n\u00b5g(x) = f\u00b5(x;M) \u03c32g(x) = f\u03c32(x;M)\n(7)\n(8)\nparametrising a normal distribution over grades conditioned on the input, similar to a GP.", 
        "42": "This architecture is a Deep Density Network (DDN), which is a Mixture Density Network (MDN) (Bishop, 1994) with only one mixture component.", 
        "43": "DDNs are trained by maximizing the likelihood of the training data.", 
        "44": "The variance of the DDN represents the natural spread of grades at a given input.", 
        "45": "This is an implicit measure of uncertainty, like GP and MCD variance, because it is learned automatically as part of the model.", 
        "46": "However, this doesn\u2019t enforce higher variance further away from training points in DDNs.", 
        "47": "It is possible to explic-\nitly teach a DDN to predict a high or low variance for inputs which are unlike or similar to the training data, respectively (Fig.", 
        "48": "2).", 
        "49": "This requires a novel training procedure.", 
        "50": "Two normal distributions are constructed: a low-variance real (training) data distribution pD and a high-variance artificial data distribution pN, which models data outside the real training data region.", 
        "51": "The DDN needs to model both distributions in a multi-task (MT) fashion.", 
        "52": "The loss function for training the DDN with explicitly specified uncertainty is the expectation over the training data of the KL divergence between the distribution it parametrizes and both the real and artificial data distributions:\nL = Ex\u0302[KL(pD||p(g|x\u0302;M)] + \u03b1 \u00b7 Ex\u0303[KL(pN||p(g|x\u0303;M)]\n(9)\nwhere \u03b1 is the multi-task weight.", 
        "53": "The DDN with explicit uncertainty is trained in a two stage fashion.", 
        "54": "First, a standard DDN M0\nis trained, then a DDNM is instantiated using the parameters ofM0 and trained in a multi-task fashion.", 
        "55": "The real data distribution pD is defined byM0 (Eq.", 
        "56": "7, 8).", 
        "57": "The artificial data distribution pN is constructed by generating artificial inputs x\u0303 and the associated mean and variance targets \u00b5(x\u0303), \u03c32(x\u0303):\npN = N (g; f\u00b5(x\u0303;M0), \u03c32(x\u0303)) (10)\nThe predictions ofM0 are used as the targets for \u00b5(x\u0303).", 
        "58": "The target variance \u03c32(x\u0303) should depend on the similarity of x\u0303 to the training data.", 
        "59": "Here, this variance is modelled by the squared normalized Euclidean distance from the mean of x\u0302, with a diagonal covariance matrix, scaled by a hyperparameter \u03bb.", 
        "60": "The artificial inputs x\u0303 need to be different to, but related to the real data x\u0302.", 
        "61": "Ideally, they should represent candidates with unseen characteristics, such as L1, accent and proficiency.", 
        "62": "A simple approach to generating x\u0303 is to use a Factor Analysis (FA) (Murphy, 2012) model trained on x\u0302.", 
        "63": "The generative model of FA is:\nx\u0303 \u223c N (Wz + \u00b5, \u03b3\u03a8), z \u223c N (0, \u03b3I) (11)\nwhere W is the loading matrix, \u03a8 the diagonal residual noise variance, \u00b5 the mean, all derived from x\u0302, and \u03b3 is used to control the distance of the generated data from the real training data region.", 
        "64": "During training the artificial inputs are sampled from the FA model.", 
        "65": "4 Experimental Results  AUCRR = AUCvar\nAUCmax (12)\nAs previously stated, the operating scenario is to use a model\u2019s estimate of the uncertainty in\nits prediction to reject candidates to be assessed by human graders for high-stakes tests, maximizing the increase in performance while rejecting the least number of candidates.", 
        "66": "The rejection process is illustrated using a rejection plot (Fig.", 
        "67": "3).", 
        "68": "As the rejection fraction is increased, model predictions are replaced with human scores in some particular order, increasing overall correlation with human graders.", 
        "69": "Fig.", 
        "70": "3 has 3 curves representing different orderings: expected random rejection, optimal rejection and model rejection.", 
        "71": "The expected random performance curve is a straight line from the base predictive performance to 1.0, representing rejection in a random order.", 
        "72": "The optimal rejection curve is constructed by rejecting predictions in order of decreasing mean square error relative to human graders.", 
        "73": "A rejection curve derived from a model should sit between the random and optimal curves.", 
        "74": "In this work, model rejection is in order of decreasing predicted variance.", 
        "75": "The following metrics are used to assess and compare models: Pearson Correlation Coefficient (PCC) with human graders, the standard performance metric in assessment (Zechner et al., 2009; Higgins et al., 2011); 10% rejection PCC, which illustrates the predictive performance at a partic-\nular operating point, i.e.", 
        "76": "rejecting 10% of candidates; and Area under a model\u2019s rejection curve (AUC) (Fig 3).", 
        "77": "However, AUC is influenced by the base PCC of a model, making it difficult to compare the rejection performance.", 
        "78": "Thus, a metric independent of predictive performance is needed.", 
        "79": "The proposed metric, AUCRR (Eq.", 
        "80": "12), is the ratio of the areas under the actual (AUCvar) and optimal (AUCmax) rejection curves relative to the random rejection curve.", 
        "81": "Ratios of 1.0 and 0.0 correspond to perfect and random rejection, respectively.", 
        "82": "All experiments were done using 33- dimensional pronunciation, fluency and acoustic features derived from audio and ASR transcriptions of responses to questions from the BULATS exam (Chambers and Ingham, 2011).", 
        "83": "The ASR system has a WER of 32% on a development set.", 
        "84": "The training and test sets have 4300 and 224 candidates, respectively.", 
        "85": "Each candidate provided a response to 21 questions, and the features used are aggregated over all 21 questions into a single feature vector.", 
        "86": "The test data was graded by expert graders at Cambridge English.", 
        "87": "These experts have inter-grader PCCs in the range 0.95-0.97.", 
        "88": "Candidates are equally distributed across CEFR grade levels (Europe, 2001).", 
        "89": "The input features where whitened by subtracting the mean and dividing by the standard deviation for each dimension computed on all training speakers.", 
        "90": "The Adam optimizer (Kingma and Ba, 2015), dropout (Srivastava et al., 2014) regularization with a dropout keep probability of 0.6 and an exponentially decaying learning rate are used with decay factor of 0.86 per epoch, batch size 50.", 
        "91": "All networks have 2 hidden layers with 180 rectified linear units (ReLU) in each layer.", 
        "92": "DNN and DDN models were implemented in Tensorflow (Abadi et al., 2015).", 
        "93": "Models were initialized using the Xavier Initializer (Glorot and Bengio, 2010).", 
        "94": "A validation set of 100 candidates was selected from the training data to tune the model and hyperparameters.", 
        "95": "GPs were run using Scikit-Learn (Pedregosa et al., 2011) using a squared exponential covariance function.", 
        "96": "The Gaussian Process grader, GP, is a competitive baseline (Tab.", 
        "97": "1).", 
        "98": "GP variance clearly yields uncertainty which is useful for rejection.", 
        "99": "A DNN with ReLU activation, MCD, achieves grading performance similar to the GP.", 
        "100": "However, MCD fails to yield an informative uncertainty for rejection, with performance barely above random.", 
        "101": "If the tanh activation function, MCDtanh, is used instead, then a DNN is able to provide a meaningful measure of uncertainty using MCD, at the cost of grading performance.", 
        "102": "It is likely that ReLU activations correspond to a GP covariance function which is not suited for rejection on this data.", 
        "103": "The standard DDN has comparable grading performance to the GP and DNNs.", 
        "104": "AUCRR of the DDN is on par with the GP, but the 10% rejection PCC is lower, indicating that the DDN is not as effective at rejecting the worst outlier candidates.", 
        "105": "The approach proposed in this work, a DDN trained in a multi-task fashion (DDN+MT), achieves significantly higher rejection performance, resulting in the best AUCRR and 10% rejection PCC, showing its better capability to detect outlier candidates.", 
        "106": "Note, AUC reflects similar trends to AUCRR, but not\nas clearly, which is demonstrated by Fig.", 
        "107": "4.", 
        "108": "The model was found to be insensitive to the choice of hyper-parameters \u03b1 and \u03b3, but \u03bb needed to be set to produce target noise variances \u03c32(x\u0303) larger than data variances \u03c32(x\u0302).", 
        "109": "5 Conclusions and Future Work  A novel method for explicitly training DDNs to yield uncertainty estimates is proposed.", 
        "110": "A DDN is a density estimator which is trained to model two distributions in a multi-task fashion (1) the low variance (uncertainty) true data distribution and (2) a generated high variance artificial data distribution.", 
        "111": "The model is trained by minimizing the KL divergence between the DDN and the true data distribution (1) and between the DDN and the artificial data distribution (2).", 
        "112": "The DDN should assign its prediction of low or high variance (uncertainty) if the input is similar or dissimilar to the true data respectively.", 
        "113": "The artificial data distribution is given by a factor analysis model trained on the real data.", 
        "114": "During training the artificial data is sampled from this distribution.", 
        "115": "This method outperforms GPs and Monte-Carlo Dropout in uncertainty based rejection for automatic assessment.", 
        "116": "However, the effect of the nature of artificial data on rejection performance should be further investigated and other data generation methods, such as Variational AutoEncoders (Kingma and Welling, 2014), and metrics to assess similarity between artificial and real training data should be examined.", 
        "117": "The proposed approach must also be assessed on other tasks and datasets.", 
        "118": "Acknowledgments  This research was funded under the ALTA Institute, University of Cambridge as well as the Engineering and Physical Sciences Research Council.", 
        "119": "Thanks to Cambridge English, University of Cambridge, for support and access to the BULATS data."
    }, 
    "document_id": "P17-2008.pdf.json"
}
