{
    "abstract_sentences": {
        "1": "We propose a selective encoding model to extend the sequence-to-sequence framework for abstractive sentence summarization.", 
        "2": "It consists of a sentence encoder, a selective gate network, and an attention equipped decoder.", 
        "3": "The sentence encoder and decoder are built with recurrent neural networks.", 
        "4": "The selective gate network constructs a second level sentence representation by controlling the information flow from encoder to decoder.", 
        "5": "The second level representation is tailored for sentence summarization task, which leads to better performance.", 
        "6": "We evaluate our model on the English Gigaword, DUC 2004 and MSR abstractive sentence summarization datasets.", 
        "7": "The experimental results show that the proposed selective encoding model outperforms the state-ofthe-art baseline models."
    }, 
    "body_sentences": {
        "1": "  Proceedings of the 55th Annual Meeting of the Association for Computational Linguistics, pages 1095\u20131104 Vancouver, Canada, July 30 - August 4, 2017. c\u00a92017 Association for Computational Linguistics\nhttps://doi.org/10.18653/v1/P17-1101  1 Introduction  Sentence summarization aims to shorten a given sentence and produce a brief summary of it.", 
        "2": "This is different from document level summarization task since it is hard to apply existing techniques in extractive methods, such as extracting sentence level features and ranking sentences.", 
        "3": "Early works propose using rule-based methods (Zajic et al., 2007), syntactic tree pruning methods (Knight and Marcu, 2002), statistical machine translation techniques (Banko et al., 2000) and so on for this task.", 
        "4": "We focus on abstractive sentence summarization task in this paper.", 
        "5": "Recently, neural network models have been applied in this task.", 
        "6": "Rush et al.", 
        "7": "(2015) use autoconstructed sentence-headline pairs to train a neu-\n\u2217Contribution during internship at Microsoft Research.", 
        "8": "ral network summarization model.", 
        "9": "They use a Convolutional Neural Network (CNN) encoder and feed-forward neural network language model decoder for this task.", 
        "10": "Chopra et al.", 
        "11": "(2016) extend their work by replacing the decoder with Recurrent Neural Network (RNN).", 
        "12": "Nallapati et al.", 
        "13": "(2016) follow this line and change the encoder to RNN to make it a full RNN based sequence-tosequence model (Sutskever et al., 2014).", 
        "14": "All the above works fall into the encodingdecoding paradigm, which first encodes the input sentence to an abstract representation and then decodes the intended output sentence based on the encoded information.", 
        "15": "As an extension of the encoding-decoding framework, attentionbased approach (Bahdanau et al., 2015) has been broadly used: the encoder produces a list of vectors for all tokens in the input, and the decoder uses an attention mechanism to dynamically extract encoded information and align with the output tokens.", 
        "16": "This approach achieves huge success in tasks like machine translation, where alignment between all parts of the input and output are required.", 
        "17": "However, in abstractive sentence summarization, there is no explicit alignment relationship between the input sentence and the summary ex-\n1095\ncept for the extracted common words.", 
        "18": "The challenge here is not to infer the alignment, but to select the highlights while filtering out secondary information in the input.", 
        "19": "A desired work-flow for abstractive sentence summarization is encoding, selection, and decoding.", 
        "20": "After selecting the important information from an encoded sentence, the decoder produces the output summary using the selected information.", 
        "21": "For example, in Figure 1, given the input sentence, the summarization system first selects the important information, and then rephrases or paraphrases to produce a well-organized summary.", 
        "22": "Although this is implicitly modeled in the encoding-decoding framework, we argue that abstractive sentence summarization shall benefit from explicitly modeling this selection process.", 
        "23": "In this paper we propose Selective Encoding for Abstractive Sentence Summarization (SEASS).", 
        "24": "We treat the sentence summarization as a threephase task: encoding, selection, and decoding.", 
        "25": "It consists of a sentence encoder, a selective gate network, and a summary decoder.", 
        "26": "First, the sentence encoder reads the input words through an RNN unit to construct the first level sentence representation.", 
        "27": "Then the selective gate network selects the encoded information to construct the second level sentence representation.", 
        "28": "The selective mechanism controls the information flow from encoder to decoder by applying a gate network according to the sentence information, which helps improve encoding effectiveness and release the burden of the decoder.", 
        "29": "Finally, the attention-equipped decoder generates the summary using the second level sentence representation.", 
        "30": "We conduct experiments on English Gigaword, DUC 2004 and Microsoft Research Abstractive Text Compression test sets.", 
        "31": "Our SEASS model achieves 17.54 ROUGE-2 F1, 9.56 ROUGE-2 recall and 10.63 ROUGE-2 F1 on these test sets respectively, which improves performance compared to the state-of-the-art methods.", 
        "32": "2 Related Work  Abstractive sentence summarization, also known as sentence compression and similar to headline generation, is used to help compress or fuse the selected sentences in extractive document summarization systems since they may inadvertently include unnecessary information.", 
        "33": "The sentence summarization task has been long connected to the headline generation task.", 
        "34": "There are some previous\nmethods to solve this task, such as the linguistic rule-based method (Dorr et al., 2003).", 
        "35": "As for the statistical machine learning based methods, Banko et al.", 
        "36": "(2000) apply statistical machine translation techniques by modeling headline generation as a translation task and use 8000 article-headline pairs to train the system.", 
        "37": "Rush et al.", 
        "38": "(2015) propose leveraging news data in Annotated English Gigaword (Napoles et al., 2012) corpus to construct large scale parallel data for sentence summarization task.", 
        "39": "They propose an ABS model, which consists of an attentive Convolutional Neural Network encoder and an neural network language model (Bengio et al., 2003) decoder.", 
        "40": "On this Gigaword test set and DUC 2004 test set, the ABS model produces the state-of-theart results.", 
        "41": "Chopra et al.", 
        "42": "(2016) extend this work, which keeps the CNN encoder but replaces the decoder with recurrent neural networks.", 
        "43": "Their experiments showes that the CNN encoder with RNN decoder model performs better than Rush et al.", 
        "44": "(2015).", 
        "45": "Nallapati et al.", 
        "46": "(2016) further change the encoder to an RNN encoder, which leads to a full RNN sequence-to-sequence model.", 
        "47": "Besides, they enrich the encoder with lexical and statistic features which play important roles in traditional feature based summarization systems, such as NER and POS tags, to improve performance.", 
        "48": "Experiments on the Gigaword and DUC 2004 test sets show that the above models achieve state-of-theart results.", 
        "49": "Gu et al.", 
        "50": "(2016) and Gulcehre et al.", 
        "51": "(2016) come up similar ideas that summarization task can benefit from copying words from input sentences.", 
        "52": "Gu et al.", 
        "53": "(2016) propose CopyNet to model the copying action in response generation, which also applies for summarization task.", 
        "54": "Gulcehre et al.", 
        "55": "(2016) propose a switch gate to control whether to copy from source or generate from decoder vocabulary.", 
        "56": "Zeng et al.", 
        "57": "(2016) also propose using copy mechanism and add a scalar weight on the gate of GRU/LSTM for this task.", 
        "58": "Cheng and Lapata (2016) use an RNN based encoder-decoder for extractive summarization of documents.", 
        "59": "Yu et al.", 
        "60": "(2016) propose a segment to segment neural transduction model for sequence-tosequence framework.", 
        "61": "The model introduces a latent segmentation which determines correspondences between tokens of the input sequence and the output sequence.", 
        "62": "Experiments on this task show that the proposed transduction model per-\nforms comparable to the ABS model.", 
        "63": "Shen et al.", 
        "64": "(2016) propose to apply Minimum Risk Training (MRT) in neural machine translation to directly optimize the evaluation metrics.", 
        "65": "Ayana et al.", 
        "66": "(2016) apply MRT on abstractive sentence summarization task and the results show that optimizing for ROUGE improves the test performance.", 
        "67": "3 Problem Formulation  For sentence summarization, given an input sentence x = (x1, x2, .", 
        "68": ".", 
        "69": ".", 
        "70": ", xn), where n is the sentence length, xi \u2208 Vs and Vs is the source vocabulary, the system summarizes x by producing y = (y1, y2, .", 
        "71": ".", 
        "72": ".", 
        "73": ", yl), where l \u2264 n is the summary length , yi \u2208 Vt and Vt is the target vocabulary.", 
        "74": "If |y| \u2286 |x|, which means all words in summary y must appear in given input, we denote this as extractive sentence summarization.", 
        "75": "If |y| * |x|, which means not all words in summary come from input sentence, we denote this as abstractive sentence summarization.", 
        "76": "Table 1 provides an example.", 
        "77": "We focus on abstracive sentence summarization task in this paper.", 
        "78": "4 Model  As shown in Figure 2, our model consists of a sentence encoder using the Gated Recurrent Unit (GRU) (Cho et al., 2014), a selective gate network and an attention-equipped GRU decoder.", 
        "79": "First, the bidirectional GRU encoder reads the input words x = (x1, x2, .", 
        "80": ".", 
        "81": ".", 
        "82": ", xn) and builds its representation (h1, h2, .", 
        "83": ".", 
        "84": ".", 
        "85": ", hn).", 
        "86": "Then the selective gate selects and filters the word representations according to the sentence meaning representation to produce a tailored sentence word representation for abstractive sentence summarization task.", 
        "87": "Lastly, the GRU decoder produces the output summary with attention to the tailored representation.", 
        "88": "In the following sections, we introduce the sentence encoder, the selective mechanism, and the summary decoder respectively.", 
        "89": "4.1 Sentence Encoder  The role of the sentence encoder is to read the input sentence and construct the basic sentence representation.", 
        "90": "Here we employ a bidirectional GRU (BiGRU) as the recurrent unit, where GRU is defined as:\nzi = \u03c3(Wz[xi, hi\u22121]) ri = \u03c3(Wr[xi, hi\u22121])\nh\u0303i = tanh(Wh[xi, ri hi\u22121]) hi = (1\u2212 zi) hi\u22121 + zi h\u0303i\n(1)\n(2)\n(3)\n(4)\nwhere Wz , Wr and Wh are weight matrices.", 
        "91": "The BiGRU consists of a forward GRU and a backward GRU.", 
        "92": "The forward GRU reads the input sentence word embeddings from left to right and gets a sequence of hidden states, (~h1,~h2, .", 
        "93": ".", 
        "94": ".", 
        "95": ",~hn).", 
        "96": "The backward GRU reads the input sentence embeddings reversely, from right to left, and results in another sequence of hidden states, ( ~h1, ~h2, .", 
        "97": ".", 
        "98": ".", 
        "99": ", ~hn):\n~hi = GRU(xi,~hi\u22121) ~hi = GRU(xi, ~hi+1)\n(5)\n(6)\nThe initial states of the BiGRU are set to zero vectors, i.e., ~h1 = 0 and ~hn = 0.", 
        "100": "After reading the sentence, the forward and backward hidden states are concatenated, i.e., hi = [~hi; ~hi], to get the basic sentence representation.", 
        "101": "4.2 Selective Mechanism  In the sequence-to-sequence machine translation (MT) model, the encoder and decoder are responsible for mapping input sentence information to a list of vectors and decoding the sentence representation vectors to generate an output sentence (Bahdanau et al., 2015).", 
        "102": "Some previous works apply this framework to summarization generation tasks (Nallapati et al., 2016; Gu et al., 2016; Gulcehre et al., 2016).", 
        "103": "However, abstractive sentence summarization is different from MT in two ways.", 
        "104": "First, there is no explicit alignment relationship between the input sentence and the output summary except for the common words.", 
        "105": "Second, summarization task needs to keep the highlights and remove the unnecessary information, while MT needs to keep all information literally.", 
        "106": "Herein, we propose a selective mechanism to model the selection process for abstractive sentence summarization.", 
        "107": "The selective mechanism\nextends the sequence-to-sequence model by constructing a tailored representation for abstractive sentence summarization task.", 
        "108": "Concretely, the selective gate network in our model takes two vector inputs, the sentence word vector hi and the sentence representation vector s. The sentence word vector hi is the output of the BiGRU encoder and represents the meaning and context information of word xi.", 
        "109": "The sentence vector s is used to represent the meaning of the sentence.", 
        "110": "For each word xi, the selective gate network generates a gate vector sGatei using hi and s, then the tailored representation is constructed, i.e., h\u2032i.", 
        "111": "In detail, we concatenate the last forward hidden state ~hn and backward hidden state ~h1 as the sentence representation s:\ns =\n[ ~h1\n~hn\n] (7)\nFor each time step i, the selective gate takes the sentence representation s and BiGRU hidden hi as inputs to compute the gate vector sGatei:\nsGatei = \u03c3(Wshi +Uss+ b) h\u2032i = hi sGatei (8) (9)\nwhere Ws and Us are weight matrices, b is the bias vector, \u03c3 denotes sigmoid activation function, and is element-wise multiplication.", 
        "112": "After the selective gate network, we obtain another sequence of vectors (h\u20321, h \u2032 2, .", 
        "113": ".", 
        "114": ".", 
        "115": ", h \u2032 n).", 
        "116": "This new sequence is then used as the input sentence representation for the decoder to generate the summary.", 
        "117": "4.3 Summary Decoder  On top of the sentence encoder and the selective gate network, we use GRU with attention as the decoder to produce the output summary.", 
        "118": "At each decoding time step t, the GRU reads the previous word embedding wt\u22121 and previous context vector ct\u22121 as inputs to compute the new hidden state st. To initialize the GRU hidden state, we use a linear layer with the last backward encoder hidden state ~h1 as input:\nst = GRU(wt\u22121, ct\u22121, st\u22121)\ns0 = tanh(Wd ~h1 + b)\n(10)\n(11)\nwhere Wd is the weight matrix and b is the bias vector.", 
        "119": "The context vector ct for current time step t is computed through the concatenate attention mechanism (Luong et al., 2015), which matches the current decoder state st with each encoder hidden state h\u2032i to get an importance score.", 
        "120": "The importance scores are then normalized to get the current context vector by weighted sum:\net,i = v > a tanh(Wast\u22121 +Uah \u2032 i)\n\u03b1t,i = exp(et,i)\u2211n i=1 exp(et,i)\nct = n\u2211\ni=1\n\u03b1t,ih \u2032 i\n(12)\n(13)\n(14)\nWe then combine the previous word embedding wt\u22121, the current context vector ct, and the decoder state st to construct the readout state rt.", 
        "121": "The readout state is then passed through a maxout hidden layer (Goodfellow et al., 2013) to predict the\nnext word with a softmax layer over the decoder vocabulary.", 
        "122": "rt = Wrwt\u22121 +Urct +Vrst\nmt = [max{rt,2j\u22121, rt,2j}]>j=1,...,d p(yt|y1, .", 
        "123": ".", 
        "124": ".", 
        "125": ", yt\u22121) = softmax(Womt)\n(15)\n(16)\n(17)\nwhere Wa, Ua, Wr, Ur, Vr and Wo are weight matrices.", 
        "126": "Readout state rt is a 2d-dimensional vector, and the maxout layer (Equation 16) picks the max value for every two numbers in rt and produces a d-dimensional vector mt.", 
        "127": "4.4 Objective Function  Our goal is to maximize the output summary probability given the input sentence.", 
        "128": "Therefore, we optimize the negative log-likelihood loss function:\nJ(\u03b8) = \u2212 1|D| \u2211\n(x,y)\u2208D log p(y|x) (18)\nwhere D denotes a set of parallel sentencesummary pairs and \u03b8 is the model parameter.", 
        "129": "We use Stochastic Gradient Descent (SGD) with minibatch to learn the model parameter \u03b8.", 
        "130": "5 Experiments  In this section we introduce the dataset we use, the evaluation metric, the implementation details, the baselines we compare to, and the performance of our system.", 
        "131": "5.1 Dataset  Training Set For our training set, we use a parallel corpus which is constructed from the Annotated English Gigaword dataset (Napoles et al., 2012) as mentioned in Rush et al.", 
        "132": "(2015).", 
        "133": "The parallel corpus is produced by pairing the first sentence and the headline in the news article with some heuristic rules.", 
        "134": "We use the script1 released by Rush et al.", 
        "135": "(2015) to pre-process and extract the training and development datasets.", 
        "136": "The script performs various basic text normalization, including PTB tokenization, lower-casing, replacing all digit characters with #, and replacing word types seen less than 5 times with \u3008unk\u3009.", 
        "137": "The extracted corpus contains about 3.8M sentence-summary pairs for the training set and 189K examples for the development set.", 
        "138": "For our test set, we use the English Gigaword, DUC 2004, and Microsoft Research Abstractive Text Compression test sets.", 
        "139": "1https://github.com/facebook/NAMAS\nEnglish Gigaword Test Set We randomly sample 8000 pairs from the extracted development set as our development set since it is relatively large.", 
        "140": "For the test set, we use the same randomly heldout test set of 2000 sentence-summary pairs as Rush et al.", 
        "141": "(2015).2\nWe also find that except for the empty titles, this test set has some invalid lines like the input sentence containing only one word.", 
        "142": "Therefore, we further sample 2000 pairs as our internal test set and release it for future works3.", 
        "143": "DUC 2004 Test Set We employ DUC 2004 data for tasks 1 & 2 (Over et al., 2007) in our experiments as one of the test sets since it is too small to train a neural network model on.", 
        "144": "The dataset pairs each document with 4 different human-written reference summaries which are capped at 75 bytes.", 
        "145": "It has 500 input sentences with each sentence paired with 4 summaries.", 
        "146": "MSR-ATC Test Set Toutanova et al.", 
        "147": "(2016) release a new dataset for sentence summarization task by crowdsourcing.", 
        "148": "This dataset contains approximately 6,000 source text sentences with multiple manually-created summaries (about 26,000 sentence-summary pairs in total).", 
        "149": "Toutanova et al.", 
        "150": "(2016) provide a standard split of the data into training, development, and test sets, with 4,936, 448 and 785 input sentences respectively.", 
        "151": "Since the training set is too small, we only use the test set as one of our test sets.", 
        "152": "We denote this dataset as MSR-ATC (Microsoft Research Abstractive Text Compression) test set in the following.", 
        "153": "Table 2 summarizes the statistic information of the three datasets we used.", 
        "154": "5.2 Evaluation Metric  We employ ROUGE (Lin, 2004) as our evaluation metric.", 
        "155": "ROUGE measures the quality of summary by computing overlapping lexical units, such as unigram, bigram, trigram, and longest common subsequence (LCS).", 
        "156": "It becomes the standard evaluation metric for DUC shared tasks and popular for summarization evaluation.", 
        "157": "Following previous work, we use ROUGE-1 (unigram), ROUGE-2 (bi-\n2Thanks to Rush et al.", 
        "158": "(2015), we acquired the test set they used.", 
        "159": "Following Chopra et al.", 
        "160": "(2016), we remove pairs with empty titles resulting in slightly different accuracy compared to Rush et al.", 
        "161": "(2015) for their systems.", 
        "162": "The cleaned test set contains 1951 sentence-summary pairs.", 
        "163": "3Our development and test sets can be found at https: //res.qyzhou.me\ngram) and ROUGE-L (LCS) as the evaluation metrics in the reported experimental results.", 
        "164": "5.3 Implementation Details  Model Parameters The input and output vocabularies are collected from the training data, which have 119,504 and 68,883 word types respectively.", 
        "165": "We set the word embedding size to 300 and all GRU hidden state sizes to 512.", 
        "166": "We use dropout (Srivastava et al., 2014) with probability p = 0.5.", 
        "167": "Model Training We initialize model parameters randomly using a Gaussian distribution with Xavier scheme (Glorot and Bengio, 2010).", 
        "168": "We use Adam (Kingma and Ba, 2015) as our optimizing algorithm.", 
        "169": "For the hyperparameters of Adam optimizer, we set the learning rate \u03b1 = 0.001, two momentum parameters \u03b21 = 0.9 and \u03b22 = 0.999 respectively, and = 10\u22128.", 
        "170": "During training, we test the model performance (ROUGE-2 F1) on development set for every 2,000 batches.", 
        "171": "We halve the Adam learning rate \u03b1 if the ROUGE-2 F1 score drops for twelve consecutive tests on development set.", 
        "172": "We also apply gradient clipping (Pascanu et al., 2013) with range [\u22125, 5] during training.", 
        "173": "To both speed up the training and converge quickly, we use mini-batch size 64 by grid search.", 
        "174": "Beam Search We use beam search to generate multiple summary candidates to get better results.", 
        "175": "To avoid favoring shorter outputs, we average the ranking score along the beam path by dividing it by the number of generated words.", 
        "176": "To both decode fast and get better results, we set the beam size to\n12 in our experiments.", 
        "177": "5.4 Baseline  We compare SEASS model with the following state-of-the-art baselines:\nABS Rush et al.", 
        "178": "(2015) use an attentive CNN encoder and NNLM decoder to do the sentence summarization task.", 
        "179": "We trained this baseline model with the released code1 and evaluate it with our internal English Gigaword test set and MSR-ATC test set.", 
        "180": "ABS+ Based on ABS model, Rush et al.", 
        "181": "(2015) further tune their model using DUC 2003 dataset, which leads to improvements on DUC 2004 test set.", 
        "182": "CAs2s As an extension of the ABS model, Chopra et al.", 
        "183": "(2016) use a convolutional attention-based encoder and RNN decoder, which outperforms the ABS model.", 
        "184": "Feats2s Nallapati et al.", 
        "185": "(2016) use a full RNN sequence-to-sequence encoder-decoder model and add some features to enhance the encoder, such as POS tag, NER, and so on.", 
        "186": "Luong-NMT Neural machine translation model of Luong et al.", 
        "187": "(2015) with two-layer LSTMs for the encoder-decoder with 500 hidden units in each layer implemented in (Chopra et al., 2016).", 
        "188": "s2s+att We also implement a sequence-tosequence model with attention as our baseline and denote it as \u201cs2s+att\u201d.", 
        "189": "5.5 Results  We report ROUGE F1, ROUGE recall and ROUGE F1 for English Gigaword, DUC 2004 and MSRATC test sets respectively.", 
        "190": "We use the official ROUGE script (version 1.5.5) 4 to evaluate the summarization quality in our experiments.", 
        "191": "For English Gigaword5 and MSR-ATC6 test sets, the outputs have different lengths so we evaluate the system with F1 metric.", 
        "192": "As for the DUC 2004 test set7, the task requires the system to produce a fixed length summary (75 bytes), therefore we employ ROUGE recall as the evaluation metric.", 
        "193": "To satisfy the length requirement, we decode the output summary to a roughly expected length following Rush et al.", 
        "194": "(2015).", 
        "195": "4http://www.berouge.com/ 5The ROUGE evaluation option is the same as Rush et al.", 
        "196": "(2015), -m -n 2 -w 1.2 6The ROUGE evaluation option is, -m -n 2 -w 1.2 7The ROUGE evaluation option is, -m -b 75 -n 2 -w 1.2\nEnglish Gigaword We acquire the test set from Rush et al.", 
        "197": "(2015) so we can make fair comparisons to the baselines.", 
        "198": "In Table 3, we report the ROUGE F1 score of our model and the baseline methods.", 
        "199": "Our SEASS model with beam search outperforms all baseline models by a large margin.", 
        "200": "Even for greedy search, our model still performs better than other methods which used beam search.", 
        "201": "For the popular ROUGE2 metric, our SEASS model achieves 17.54 F1 score and performs better than the previous works.", 
        "202": "Compared to the ABS model, our model has a 6.22 ROUGE-2 F1 relative gain.", 
        "203": "Compared to the highest CAs2s baseline, our model achieves 1.57\nROUGE-2 F1 improvement and passes the significant test according to the official ROUGE script.", 
        "204": "Table 4 summarizes our results on our internal test set using ROUGE F1 evaluation metrics.", 
        "205": "The performance on our internal test set is comparable to our development set, which achieves 24.58 ROUGE-2 F1 and outperforms the baselines.", 
        "206": "DUC 2004 We evaluate our model using the ROUGE recall score since the reference summaries of the DUC 2004 test set are capped at 75 bytes.", 
        "207": "Therefore, we decode the summary to a fixed length 18 to ensure that the generated summary satisfies the minimum length requirement.", 
        "208": "As summarized in Table 5, our SEASS outperforms all the baseline methods and achieves 29.21, 9.56 and 25.51 for ROUGE 1, 2 and L recall.", 
        "209": "Compared to the ABS+ model which is tuned using DUC 2003 data, our model performs significantly better by 1.07 ROUGE-2 recall score and is trained only with English Gigaword sentence-summary data without being tuned using DUC data.", 
        "210": "MSR-ATC We report the full length ROUGE F1 score on the MSR-ATC test set in Table 6.", 
        "211": "To the best of our knowledge, this is the first work that reports ROUGE metric scores on the MSR-ATC dataset.", 
        "212": "Note that we only compare our model with ABS since the others are not publicly available.", 
        "213": "Our SEASS achieves 10.63 ROUGE-2 F1 and outperforms the s2s+att baseline by 1.02 points.", 
        "214": "6 Discussion  In this section, we first compare the performance of SEASS with the s2s+att baseline model to illustrate that the proposed method succeeds in selecting information and building tailored representation for abstractive sentence summarization.", 
        "215": "We then analyze selective encoding by visualizing the heat map.", 
        "216": "Effectiveness of Selective Encoding We further test the SEASS model with different sentence lengths on English Gigaword test sets, which are merged from the Rush et al.", 
        "217": "(2015) test set and our internal test set.", 
        "218": "The length of sentences in the test sets ranges from 10 to 80.", 
        "219": "We group the sentences with an interval of 4 and get 18 different groups and we draw the first 14 groups.", 
        "220": "We find that the performance curve of our SEASS model always appears to be on the top of that of s2s+att with a certain margin.", 
        "221": "For the groups of 16, 20, 24, 32, 56 and 60, the SEASS model obtains big improvements compared to the s2s+att model.", 
        "222": "Overall, these improvements on all groups indicate that the selective encoding method benefits the abstractive sentence summarization task.", 
        "223": "Saliency Heat Map of Selective Gate Since the output of the selective gate network is a high dimensional vector, it is hard to visualize all the gate values.", 
        "224": "We use the method in Li et al.", 
        "225": "(2016) to visualize the contribution of the selective gate to the final output, which can be approximated by the first derivative.", 
        "226": "Given sentence words x with associated output summary y, the trained model associates the pair (x, y) with a score Sy(x).", 
        "227": "The goal is to decide which gate g associated with a specific word makes the most significant contribution to Sy(x).", 
        "228": "We approximate the Sy(g) by computing the first-order Taylor expansion since the score Sy(x) is a highly non-linear function in the deep neural network models:\nSy(g) \u2248 w(g)T g + b (19)\nwhere w(g) is first the derivative of Sy with respect to the gate g:\nw(g) = \u2202(Sy)\n\u2202g |g (20)\nWe then draw the Euclidean norm of the first derivative of the output y with respect to the selective gate g associated with each input words.", 
        "229": "Figure 3 shows an example of the first derivative heat map, in which most of the important words are selected by the selective gate such as \u201ceurope\u201d, \u201cslammed\u201d, \u201cunacceptable\u201d, \u201cconditions\u201d, and \u201cfrance\u201d.", 
        "230": "We can observe that the selective gate determines the importance of each word before decoder, which releases the burden of it by providing tailored sentence encoding.", 
        "231": "7 Conclusion  This paper proposes a selective encoding model which extends the sequence-to-sequence model for abstractive sentence summarization task.", 
        "232": "The selective mechanism mimics one of the human summarizers\u2019 behaviors, selecting important information before writing down the summary.", 
        "233": "With the proposed selective mechanism, we build an end-to-end neural network summarization model which consists of three phases: encoding, selection, and decoding.", 
        "234": "Experimental results show that the selective encoding model greatly improves the performance with respect to the state-of-theart methods on English Gigaword, DUC 2004 and MSR-ATC test sets.", 
        "235": "Acknowledgments  We thank Chuanqi Tan, Junwei Bao, Shuangzhi Wu and the anonymous reviewers for their helpful comments.", 
        "236": "We also thank Alexander M. Rush for providing the dataset for comparison and helpful discussions."
    }, 
    "document_id": "P17-1101.pdf.json"
}
