{
    "abstract_sentences": {
        "1": "With the rapid growth of knowledge bases (KBs) on the web, how to take full advantage of them becomes increasingly important.", 
        "2": "Question answering over knowledge base (KB-QA) is one of the promising approaches to access the substantial knowledge.", 
        "3": "Meanwhile, as the neural networkbased (NN-based) methods develop, NNbased KB-QA has already achieved impressive results.", 
        "4": "However, previous work did not put more emphasis on question representation, and the question is converted into a fixed vector regardless of its candidate answers.", 
        "5": "This simple representation strategy is not easy to express the proper information in the question.", 
        "6": "Hence, we present an end-to-end neural network model to represent the questions and their corresponding scores dynamically according to the various candidate answer aspects via cross-attention mechanism.", 
        "7": "In addition, we leverage the global knowledge inside the underlying KB, aiming at integrating the rich KB information into the representation of the answers.", 
        "8": "As a result, it could alleviates the out-of-vocabulary (OOV) problem, which helps the crossattention model to represent the question more precisely.", 
        "9": "The experimental results on WebQuestions demonstrate the effectiveness of the proposed approach."
    }, 
    "body_sentences": {
        "1": "  Proceedings of the 55th Annual Meeting of the Association for Computational Linguistics, pages 221\u2013231 Vancouver, Canada, July 30 - August 4, 2017. c\u00a92017 Association for Computational Linguistics\nhttps://doi.org/10.18653/v1/P17-1021  1 Introduction  As the amount of the knowledge bases (KBs) grows, people are paying more attention to seeking effective methods for accessing these precious intellectual resources.", 
        "2": "There are several tailor-made languages designed for querying KBs, such as\nSPARQL (Prudhommeaux and Seaborne, 2008).", 
        "3": "However, to handle such query languages, users are required to not only be familiar with the particular language grammars, but also be aware of the architectures of the KBs.", 
        "4": "By contrast, knowledge base-based question answering (KB-QA) (Unger et al., 2014), which takes natural language as query language, is a more user-friendly solution, and has become a research focus in recent years.", 
        "5": "Given natural language questions, the goal of KB-QA is to automatically return answers from the KB.", 
        "6": "There are two mainstream research directions for this task: semantic parsing-based (SPbased) (Zettlemoyer and Collins, 2009, 2012; Kwiatkowski et al., 2013; Cai and Yates, 2013; Berant et al., 2013; Yih et al., 2015, 2016; Reddy et al., 2016) and information retrieval-based (IR-based) (Yao and Van Durme, 2014; Bordes et al., 2014a,b, 2015; Dong et al., 2015; Xu et al., 2016a,b) methods.", 
        "7": "SP-based methods usually focus on constructing a semantic parser that could convert natural language questions into structured expressions like logical forms.", 
        "8": "IR-based methods usually search answers from the KB based on the information conveyed in questions, where ranking techniques are often adopted to make correct selections from candidate answers.", 
        "9": "Recently, with the progress of deep learning, neural network-based (NN-based) methods have been introduced to the KB-QA task (Bordes et al., 2014b).", 
        "10": "Different from previous methods, NNbased methods represent both of the questions and the answers as semantic vectors.", 
        "11": "Then the complex process of KB-QA could be converted into a similarity matching process between an input question and its candidate answers in a semantic space.", 
        "12": "The candidates with the highest similarity score will be selected as the final answers.", 
        "13": "Because they are more adaptive, NN-based methods have attracted more and more attention, and this\n221\npaper also focuses on using end-to-end neural networks to answer questions over knowledge base.", 
        "14": "In NN-based methods, the crucial step is to compute the similarity score between a question and a candidate answer, where the key is to learn their representations.", 
        "15": "Previous methods put more emphasis on learning representation of the answer end.", 
        "16": "For example, Bordes et al.", 
        "17": "(2014a) consider the importance of the subgraph of the candidate answer.", 
        "18": "Dong et al.", 
        "19": "(2015) make use of the context and the type of the answer.", 
        "20": "However, the representation of the question end is oligotrophic.", 
        "21": "Existing approaches often represent a question into a single vector using simple bag-of-words (BOW) model (Bordes et al., 2014a,b), whereas the relatedness to the answer end is neglected.", 
        "22": "We argue that a question should be represented differently according to the different focuses of various answer aspects1.", 
        "23": "Take the question \u201cWho is the president of France?\u201d and one of its candidate answers \u201cFrancois Hollande\u201d as an example.", 
        "24": "When dealing with the answer entity Francois Holland, \u201cpresident\u201d and \u201cFrance\u201d in the question is more focused, and the question representation should bias towards the two words.", 
        "25": "While facing the answer type /business/board member, \u201cWho\u201d should be the most prominent word.", 
        "26": "Meanwhile, some questions may value answer type more than other answer aspects.", 
        "27": "While in some other questions, answer relation may be the most important information we should consider, which is dynamic and flexible corresponding to different questions and answers.", 
        "28": "Obviously, this is an attention mechanism, which reveals the mutual influences between the representation of questions and the corresponding answer aspects.", 
        "29": "We believe that such kind of representation is more expressive.", 
        "30": "Dong et al.", 
        "31": "(2015) represents questions using three CNNs with different parameters when dealing with different answer aspects including answer path, answer context and answer type.", 
        "32": "The method is very enlightening and achieves the best performance on WebQeustions at that time among the end-to-end approaches.", 
        "33": "However, we argue that simply selecting three independent CNNs is mechanical and inflexible.", 
        "34": "Thus, we go one step further, and propose a crossattention based neural network to perform KB-\n1An answer aspect could be the answer entity itself, the answer type, the answer context, etc.", 
        "35": "QA.", 
        "36": "The cross-attention model, which stands for the mutual attention between the question and the answer aspects, contains two parts: the answertowards-question attention part and the questiontowards-answer attention part.", 
        "37": "The former help learn flexible and adequate question representation, and the latter help adjust the question-answer weight, getting the final score.", 
        "38": "We illustrate in section 3.2 for more details.", 
        "39": "In this way, we formulate the cross-attention mechanism to model the question answering procedure.", 
        "40": "Note that our proposed model is an entire end-to-end approach which only depends on training data.", 
        "41": "Some integrated systems which use extra patterns and resources are not directly comparable to ours.", 
        "42": "Our target is to explore a better solution following the end-to-end KB-QA technical path.", 
        "43": "Moreover, we notice that the representations of the KB resources (entities and relations) are also limited in previous work.", 
        "44": "specifically, they are often learned barely on the QA training data, which results in two limitations.", 
        "45": "1) The global information of the KB is deficient.", 
        "46": "For example, if question-answer pair (q, a) appears in the training data, and the global KB information implies us that a\u2032 is similar to a2, denoted by (a\u223c a\u2032), then (q, a\u2032) is more probable to be right.", 
        "47": "However, current QA training mechanism cannot guarantee (a \u223c a\u2032) could be learned.", 
        "48": "2) The problem of out-ofvocabulary (OOV) stands out.", 
        "49": "Due to the limited coverage of the training data, the OOV problem is common while testing, and many answer entities in testing candidate set have never been seen before.", 
        "50": "The attention of these resources become the same because they shared the same OOV embedding, and this will do harm to the proposed attention model.", 
        "51": "To tackle these two problems, we additionally incorporates KB itself as training data for training embeddings besides original questionanswer pairs.", 
        "52": "In this way, the global structure of the whole knowledge could be captured, and the OOV problem could be alleviated naturally.", 
        "53": "In summary, the contributions are as follows.", 
        "54": "1) We present a novel cross-attention based NN model tailored to KB-QA task, which considers the mutual influence between the representation of questions and the corresponding answer aspects.", 
        "55": "2) We leverage the global KB information, aiming at represent the answers more precisely.", 
        "56": "It also al-\n2The complete KB is able to offer this kind of information, e.g., a and a\u2032 share massive context.", 
        "57": "leviates the OOV problem, which is very helpful to the cross-attention model.", 
        "58": "3) The experimental results on the open dataset WebQuestions demonstrate the effectiveness of the proposed approach.", 
        "59": "2 Overview  The goal of KB-QA task could be formulated as follows.", 
        "60": "Given a natural language question q, the system returns an entity set A as answers.", 
        "61": "The architecture of our proposed KB-QA system is shown in Figure 1, which illustrates the basic flow of our approach.", 
        "62": "First, we identify the topic entity of the question, and generate candidate answers from Freebase.", 
        "63": "Then, a cross-attention based neural network is employed to represent the question under the influence of the candidate answer aspects.", 
        "64": "Finally, the similarity score between the question and each corresponding candidate answer is calculated, and the candidates with highest score will be selected as the final answers3.", 
        "65": "We utilize Freebase (Bollacker et al., 2008) as our knowledge base.", 
        "66": "It has more than 3 billion facts, and is used as the supporting KB for many QA tasks.", 
        "67": "In Freebase, the facts are represented by subject-predicate-object triples (s, p, o).", 
        "68": "For clarity, we call each basic element a resource, which could be either an entity or a relation.", 
        "69": "For example, (/m/0f8l9c, location.country.capital,/m/05qtj)4 describes the fact that the capital of France is Paris, where /m/0f8l9c and /m/05qtj are entities denoting France and Paris respective-\n3We also adopt a margin strategy to obtain multiple answers for a question and this will be explained in the next section.", 
        "70": "4Note that the Freebase prefixes are omitted for neatness.", 
        "71": "ly, and location.country.capital is a relation.", 
        "72": "3 Our Approach    3.1 Candidate Generation  All the entities in Freebase should be candidate answers ideally, but in practice, this is time consuming and not really necessary.", 
        "73": "For each question q, we use Freebase API (Bollacker et al., 2008) to identify a topic entity, which could be simply understood as the main entity of the question.", 
        "74": "For example, France is the topic entity of question \u201cWho is the president of France?\u201d.", 
        "75": "Freebase API method is able to resolve as many as 86% questions if we use the top1 result (Yao and Van Durme, 2014).", 
        "76": "After getting the topic entity, we collect all the entities directly connected to it and the ones connected with 2-hop5.", 
        "77": "These entities constitute a candidate set Cq .", 
        "78": "3.2 The Neural Cross-Attention Model  We present a cross-attention based neural network, which represents the question dynamically according to different answer aspects, also considering their connections.", 
        "79": "Concretely, each aspect of the answer focuses on different words of the question and thus decides how the question is represented.", 
        "80": "Then the question pays different attention to each answer aspect to decide their weights.", 
        "81": "Figure 2 is the architecture of our model.", 
        "82": "We will illustrate how the system works as follows.", 
        "83": "3.2.1 Question Representation  First of all, we have to obtain the representation of each word in the question.", 
        "84": "These representations retain all the information of the question, and could serve the following steps.", 
        "85": "Suppose question q is expressed as q = (x1, x2, ..., xn), where xi denotes the ith word.", 
        "86": "As shown in Figure 2, we first look up a word embedding matrix Ew \u2208 Rd\u00d7vw to get the word embeddings, which is randomly initialized, and updated during the training process.", 
        "87": "Here, d means the dimension of the embeddings and vw denotes the vocabulary size of natural language words.", 
        "88": "Then, the embeddings are fed into a long shortterm memory (LSTM) (Hochreiter and Schmidhuber, 1997) networks.", 
        "89": "LSTM has been proven to\n5For example, (/m/0f8l9c, governing officials, government.position held.office holder, /m/02qg4z) is a 2-top connection.", 
        "90": "be effective in many natural language processing (NLP) tasks such as machine translation (Sutskever et al., 2014) and dependency parsing (Dyer et al., 2015), and it is adept in harnessing long sentences.", 
        "91": "Note that if we use unidirectional LSTM, the outcome of a specific word contains only the information of the words before it, whereas the words after it are not taken into account.", 
        "92": "To avoid this, we employ bidirectional LSTM as Bahdanau (2015) does, which consists of both forward and backward networks.", 
        "93": "The forward LSTM handles the question from left to right, and the backward LSTM processes in the reverse order.", 
        "94": "Thus, we could acquire two hidden state sequences, one from the forward one ( \u2212\u2192 h1, \u2212\u2192 h2, ..., \u2212\u2192 hn) and the other from the backward one ( \u2190\u2212 h1, \u2190\u2212 h2, ..., \u2190\u2212 hn).", 
        "95": "We concatenate the forward hidden state and the backward hidden state of each word, resulting in hj = [ \u2212\u2192 hj ; \u2190\u2212 hj ].", 
        "96": "The hidden unit of forward and backward LSTM is d2 , so the concatenated vector is of dimension d. In this way, we obtain the representation of each word in the question.", 
        "97": "3.2.2 Answer aspect representation  We directly use the embedding for each answer aspect through the KB embedding matrix Ek \u2208 Rd\u00d7vk .", 
        "98": "Here, vk means the vocabulary size of the KB resources.", 
        "99": "The embedding matrix is randomly initialized and learned during training, and could be further enhanced with the help of global information as described in Section 3.3.", 
        "100": "Concretely, we employ four kinds of answer aspects: answer entity ae, answer relation ar, answer\ntype at and answer context ac6.", 
        "101": "Their embeddings are denoted as ee, er, et and ec, respectively.", 
        "102": "It is worth noting that the answer context consists of multiple KB resources, and we denote it as (c1, c2, ..., cm).", 
        "103": "We first acquire their KB embeddings (ec1 , ec2 , ..., ecm) throughEk, then calculate an average embedding by ec = 1m m\u2211 i=1 eci .", 
        "104": "3.2.3 Cross-Attention model  The most crucial part of the proposed approach is the cross-attention mechanism.", 
        "105": "The crossattention mechanism is composed of two parts: the answer-towards-question attention part and the question-towards-answer attention part.", 
        "106": "The proposed cross-attention model could also be intuitively interpreted as a re-reading mechanism (Hermann et al., 2015).", 
        "107": "Our aim is to select correct answers from a candidate set.", 
        "108": "When we judge a candidate answer, suppose we first look at its type, and we will reread the question to find out which part of the question should be more focused (handling attention).", 
        "109": "Then we go to next aspect and reread the question again, until the all the aspects are utilized.", 
        "110": "After we read all the answer aspects and get all the scores, the final similarity score between question and answer should be a weighted sum of all the scores.", 
        "111": "We believe that this mechanism is beneficial for the system to better understand the question with the help of the answer aspects, and it may lead to a performance promotion.", 
        "112": "\u2022 Answer-towards-question(A-Q) attention\nBased on our assumption, each answer aspect should focus on different words of the same question.", 
        "113": "The extent of attention can be measured by the relatedness between each word representation hj and an answer aspect embedding ei.", 
        "114": "We propose the following formulas to calculate the weights.", 
        "115": "\u03b1ij = exp(\u03c9ij)\nn\u2211 k=1 exp(\u03c9ik) (1)\n\u03c9ij = f(W T [hj ; ei] + b) (2)\nHere, \u03b1ij denotes the weight of attention from answer aspect ei to the jth word in the question, where ei \u2208 {ee, er, et, ec}.", 
        "116": "f(\u00b7) is a non-linear activation function, such as hyperbolic tangent transformation here.", 
        "117": "Let n be the length of the question.", 
        "118": "W \u2208 R2d\u00d7d is an intermediate matrix and b\n6Answer context is the 1-hop entities and predicates which connect to the answer entity along the answer path.", 
        "119": "is the offset.", 
        "120": "Both of them are randomly initialized and updated during training.", 
        "121": "Subsequently, according to the specific answer aspect ei, the attention weights are employed to calculate a weighted sum of the hidden representations, resulting in a semantic vector that represent the question.", 
        "122": "qi =\nn\u2211\nj=1\n\u03b1ijhj (3)\nThe similarity score of the question q and this particular candidate answer aspect ei (ei \u2208 {ee, er, et, ec}) could be defined as follows.", 
        "123": "S (q, ei) = h(qi, ei) (4)\nThe scoring function h(\u00b7) is computed as the inner product between the sentence representation qi, which has already carried the attention from the answer aspect part, and the corresponding answer aspect ei, and is parametrized into the network and updated during the training process.", 
        "124": "\u2022 Question-towards-answer(Q-A) attention\nIntuitively, different question should value the four answer aspect differently.", 
        "125": "Since we have already calculated the scores of (q, ei), we define the final similarity score of the question q and each candidate answer a as follows.", 
        "126": "S (q, a) = \u2211\nei\u2208{ee,er,et,ec} \u03b2eiS (q, ei) (5)\n\u03b2ei = exp (\u03c9ei)\u2211\nek\u2208{ee,er,et,ec} exp (\u03c9ek)\n(6)\n\u03c9ei = f ( WT [q; ei] + b ) (7)\nq = 1\nn \u2211n j hj (8)\nHere \u03b2ei denotes the attention of question towards answer aspects, indicating which answer aspect should be more focused in one (q, a) pair.", 
        "127": "W \u2208 R2d\u00d7d is also a intermediate matrix as in the answer-towards-question attention part, and b is an offset value.7 q is calculated by averagely pooling all the bi-directional LSTM hidden state sequences, resulting a vector which represents the question to determine which answer aspect should be more focused.", 
        "128": "7Note that the W and b in the two attention part is different and independent.", 
        "129": "3.2.4 Training  We first construct the training data.", 
        "130": "Since we have (q, a) pairs as supervision data, candidate set Cq can be divided into two subsets, namely, correct answer set Pq and wrong answer set Nq.", 
        "131": "For each correct answer a \u2208 Pq, we randomly select k wrong answers a\u2032 \u2208 Nq as negative examples.", 
        "132": "For some topic entities, there may be not enough wrong answers to acquire k wrong answers.", 
        "133": "Under this circumstance, we extend Nq from other randomly selected candidate set C \u2032q.", 
        "134": "With the generated training data, we are able to make use of pairwise training.", 
        "135": "The training loss is given as follows, which is a hinge loss.", 
        "136": "Lq,a,a\u2032 = [\u03b3 + S (q, a \u2032)\u2212 S (q, a)]+ (9)\nwhere \u03b3 is a positive real number that ensures a margin between positive and negative examples.", 
        "137": "And [z]+ means max(0, z).", 
        "138": "The intuition of this training strategy is to guarantee the score of positive question-answer pairs to be higher than negative ones with a margin.", 
        "139": "The objective function is as follows.", 
        "140": "min \u2211\nq\n1 |Pq| \u2211\na\u2208Pq\n\u2211\na\u2032\u2208Nq Lq,a,a\u2032 (10)\nWe adopt stochastic gradient descent (SGD) to minimize the learning process, shuffled minibatches are utilized.", 
        "141": "3.2.5 Inference  In testing stage, given the candidate answer setCq, we have to calculate S(q, a) for each a \u2208 Cq, and find out the maximum value Smax.", 
        "142": "Smax = argmax a\u2208Cq\n{S (q, a)} (11)\nIt is worth noting that many questions have more than one answer, so it is improper to set the candidate answer which have the maximum value as the final answer.", 
        "143": "Instead, we take advantage of the margin \u03b3.", 
        "144": "If the score of a candidate answer is within the margin compared with Smax, we put it in the final answer set.", 
        "145": "A = {a\u0302|Smax \u2212 S (q, a\u0302) < \u03b3} (12)  3.3 Combining Global Knowledge  In this section, we elaborate how the global information of a KB could be leveraged.", 
        "146": "As stated before, we try to take into account the complete knowledge information of the KB.", 
        "147": "To this\nend, we adopt TransE model (Bordes et al., 2013) and integrate its outcome into our training process.", 
        "148": "In TransE, relations are considered as translations in the embedding space.", 
        "149": "For consistency, we denote each fact as (s, p, o).", 
        "150": "TransE utilizes pairwise training strategy as well.", 
        "151": "Randomly sampled corrupted facts (s\u2032, p, o\u2032) are the negative examples.", 
        "152": "The distance measure d(s + p, o) is defined as \u2016s+ p\u2212 o\u201622.", 
        "153": "And the training loss is given as follows.", 
        "154": "Lk = \u2211\n(s,p,o)\u2208S\n\u2211\n(s\u2032,p,o\u2032)\u2208S\u2032 [\u03b3k + d (s+ p, o)\u2212 d\n( s\u2032 + p, o\u2032 ) ] +\n(13)\nWhere S is the set of KB facts and S\u2032 is the corrupted facts.", 
        "155": "In our QA task, we filter out the completely unrelated facts to save time.", 
        "156": "Specifically, we first collect all the topic entities of all the questions as initial set.", 
        "157": "Then, we expand the set by adding directly connected and 2-hop entities.", 
        "158": "Finally, all the facts containing these entities form the positive set, and the negative facts are randomly corrupted.", 
        "159": "This is a compromising solution due to the large scale of Freebase.", 
        "160": "To employ the global information in our training process, we adopt a multi-task training strategy.", 
        "161": "Specifically, we perform KB-QA training and TransE training in turn.", 
        "162": "The proposed training process ensures that the global KB information acts as additional supervision, and the interconnections among the resources are fully considered.", 
        "163": "In addition, as more KB resources are involved, the OOV problem is relieved.", 
        "164": "Since all the OOV resources have exactly the same attention towards a question, it will weaken the effectiveness of the attention model.", 
        "165": "So the alleviation of OOV is able to bring additional benefits to the attention model.", 
        "166": "4 Experiments  To evaluate the proposed method, we conduct experiments on WebQuestions (Berant et al., 2013) dataset that includes 3,778 question-answer pairs for training and 2,032 for testing.", 
        "167": "The questions are collected from Google Suggest API, and the answers are labeled manually by Amazon MTurk.", 
        "168": "All the answers are from Freebase.", 
        "169": "We use threequarter of the training data as training set, and the left as validate set.", 
        "170": "We use F1 score as evaluation matric, and the average result is computed by the script provided by Berant et al.", 
        "171": "(2013).", 
        "172": "Note that our proposed approach is an entire end-to-end method, which totally depends\non training data.", 
        "173": "It is worth noting that Yih et al.", 
        "174": "(2015; 2016) achieve much higher F1 scores than other methods.", 
        "175": "Their staged system is able to address more questions with constraints and aggregations.", 
        "176": "However, their approach applies numbers of manually designed rules and features, which come from the observations on the training set questions.", 
        "177": "These particular manual efforts reduce the adaptability of their approach.", 
        "178": "Moreover, there are some integrated systems such as Xu et al.", 
        "179": "(2016a; 2016b) achieve higher F1 scores which leverage Wikipedia free text as external knowledge, so their systems are not directly comparable to ours.", 
        "180": "4.1 Settings  For KB-QA training, we use mini-batch stochastic gradient descent to minimize the pairwise training loss.", 
        "181": "The minibatch size is set to 100.", 
        "182": "The learning rate is set to 0.01.", 
        "183": "Both the word embedding matrix Ew and KB embedding matrix Ev are normalized after each epoch.", 
        "184": "The embedding size d = 512, then the hidden unit size is 256.", 
        "185": "Margin \u03b3 is set to 0.6.", 
        "186": "Negative example number k = 2000.", 
        "187": "We set the embedding dimension to 512 in TransE training process, and the minibatch size is also 100. \u03b3k is set to 1.", 
        "188": "All these hyperparameters of the proposed network is determined according to the performance on the validate set.", 
        "189": "4.2 Results  The effectiveness of the proposed approach To demonstrate the effectiveness of the proposed approach, we compare our method with state-of-the-art end-to-end NN-based methods.", 
        "190": "Table 1 shows the results on WebQuestions dataset.", 
        "191": "Bordes et al.", 
        "192": "(2014b) apply BOW method to obtain a single vector for both questions and answers.", 
        "193": "Bordes et al.", 
        "194": "(2014a) further improve their work by proposing the concept of subgraph embeddings.", 
        "195": "Besides the answer path, the sub-\ngraph contains all the entities and relations connected to the answer entity.", 
        "196": "The final vector is also obtained by bag-of-words strategy.", 
        "197": "Yang et al.", 
        "198": "(2014) follow the SP-based manner, but uses embeddings to map entities and relations into KB resources, then the question can be converted into logical forms.", 
        "199": "They jointly consider the two mapping processes.", 
        "200": "Dong et al.", 
        "201": "(2015) use three columns of Convolutional Neural Networks (CNNs) to represent questions corresponding to three aspects of the answers, namely the answer context, the answer path and the answer type.", 
        "202": "Bordes et al.", 
        "203": "(2015) put KB-QA into the memory networks framework (Sukhbaatar et al., 2015), and achieves the state-of-the-art performance of endto-end methods.", 
        "204": "Our approach employs bidirectional LSTM, cross-attention model and global KB information.", 
        "205": "From the results, we observe that our approach achieves the best performance of all the end-to-end methods on WebQuestions.", 
        "206": "Bordes et al.", 
        "207": "(2014b; 2014a; 2015) all utilize BOW model to represent the questions, while ours takes advantage of the attention of answer aspects to dynamically represent the questions.", 
        "208": "Also note that Bordes et al.", 
        "209": "(2015) uses additional training data such as Reverb (Fader et al., 2011) and their original dataset SimpleQuestions.", 
        "210": "Dong et al.", 
        "211": "(2015) employs three fixed CNNs to represent questions, while ours is able to express the focus of each unique answer aspect to the words in the question.", 
        "212": "Besides, our approach employs the global KB information.", 
        "213": "So, we believe that the results faithfully show that the proposed approach is more effective than the other competitive methods.", 
        "214": "Model Analysis\nIn this part, we further discuss the impacts of the components of our model.", 
        "215": "Table 2 indicates the effectiveness of different parts in the model.", 
        "216": "LSTM employs unidirectional LSTM, and us-\nes the last hidden state as the question representation.", 
        "217": "Bi LSTM adopts a bidirectional LSTM.", 
        "218": "A-Q-ATT denotes the answer-towards-question attention part, and C-ATT stands for our crossattention.", 
        "219": "GKI means global knowledge information.", 
        "220": "Bi LSTMS+C-ATT+GKI is our full proposed approach.", 
        "221": "From the results, we could observe the following.", 
        "222": "1) Bi LSTM+C-ATT dramatically improves the F1 score by 2.7 points compared with Bi LSTM, 0.2 points higher than Bi LSTM+A-Q-ATT.", 
        "223": "Similarly, Bi LSTM+C-ATT+GKI significantly outperforms Bi LSTM+GKI by 2.5 points, improving Bi LSTM+A-Q-ATT+GKI by 0.3 points.", 
        "224": "The results prove that the proposed cross-attention model is effective.", 
        "225": "2) Bi LSTM+GKI performs better than Bi LSTM, and achieves an improvement of 1.3 points.", 
        "226": "Similarly, Bi LSTM+C-ATT+GKI improves Bi LSTM+C-ATT by 1.1 points, which indicates that the proposed training strategy successfully leverages the global information of the underlying KB.", 
        "227": "3) Bi LSTM+C-ATT+GKI achieves the best performance as we expected, and improves the original Bi LSTM dramatically by 3.8 points.", 
        "228": "This directly shows the power of the attention model and the global KB information.", 
        "229": "To illustrate the effectiveness of the attention mechanism clearly, we present the attention weights of a question in the form of heat map as shown in Figure 3.", 
        "230": "From this example we observe that our methods is able to capture the attention properly.", 
        "231": "It is instructive to figure out the attention part of the question when dealing with different answer aspects.", 
        "232": "The heat map will help us understand which parts are most useful for selecting correct answers.", 
        "233": "For instance, from Figure 3, we can see that location.country is paying great attention\nto \u201cWhere\u201d, indicating that \u201cWhere\u201d is much more important than the other parts in the question when dealing with this type.", 
        "234": "In other words, the other parts are not that crucial since \u201cWhere\u201d is strongly implying that the question is asking about a location.", 
        "235": "As for Q-A attention part, we see that answer type and answer relation are more important than other answer aspects in this example.", 
        "236": "4.3 Error Analysis  We randomly sample 100 imperfectly answered questions and categorize the errors into two main classes as follows.", 
        "237": "Wrong attention\nIn some occasions (18 in 100 questions, 18%), we find the generated attention weights unreasonable.", 
        "238": "For instance, for question \u201cWhat are the songs that Justin Bieber wrote?\u201d, answer type /music/composition pays the most attention on \u201cWhat\u201d rather than \u201csongs\u201d.", 
        "239": "We think this is due to the bias of the training data, and we believe these errors could be solved by introducing more instructive training data.", 
        "240": "Complex questions and label errors\nAnother challenging problem is the complex questions (35%).", 
        "241": "For example, \u201cWhen was the last time Knicks won the championship?\u201d is actually to ask the last championship, but the predicted answers give all the championships.", 
        "242": "This is due to that the model cannot learn what \u201clast\u201d mean in the training process.", 
        "243": "In addition, the label mistakes also influence the evaluation (3%), such as, \u201cWhat college did John Nash teach at?\u201d, where the labeled answer is Princeton University, but Massachusetts Institute of Technology should also be an answer, and the proposed method is able to answer it correctly.", 
        "244": "Other errors include topic entity generation error and the multiple answers error (giving more answers than expected).", 
        "245": "We guess these errors are caused by the simple implementations of the related steps in our method, and we will not explain them in detail.", 
        "246": "5 Related Work  The past years have seen a growing amount of research on KB-QA, shaping an interaction paradigm that allows end users to profit from the expressive power of Semantic Web data while at the same time hiding their complexity behind an intuitive and easy-to-use interface.", 
        "247": "At the same time the\ngrowing amount of data has led to a heterogeneous data landscape where QA systems struggle to keep up with the volume, variety and veracity of the underlying knowledge.", 
        "248": "5.1 Neural Network-based KB-QA  In recent years, deep neural networks have been applied to many NLP tasks, showing promising results.", 
        "249": "Bordes et al.", 
        "250": "(2014b) was the first to introduce NN-based method to solve KB-QA problem.", 
        "251": "The questions and KB triples were represented by vectors in a low dimensional space.", 
        "252": "Thus the cosine similarity could be used to find the most possible answer.", 
        "253": "BOW method was employed to obtain a single vector for both the questions and the answers.", 
        "254": "Pairwise training was utilized, and the negative examples were randomly selected from the KB facts.", 
        "255": "Bordes et al.", 
        "256": "(2014a) further improved their work by proposing the concept of subgraph embeddings.", 
        "257": "The key idea was to involve as much information as possible in the answer end.", 
        "258": "Besides the answer triple, the subgraph contained all the entities and relations connected to the answer entity.", 
        "259": "The final vector was also obtained by bag-of-words strategy.", 
        "260": "Yih et al.", 
        "261": "(2014) focused on single-relation questions.", 
        "262": "The KB-QA task was divided into two steps.", 
        "263": "Firstly, they found the topic entity of the question.", 
        "264": "Then, the rest of the question was represented by CNNs and used to match relations.", 
        "265": "Yang et al.", 
        "266": "(2014) tackled entity and relation mapping as joint procedures.", 
        "267": "Actually, these two methods followed the SP-based manner, but they took advantage of neural networks to obtain intermediate mapping results.", 
        "268": "The most similar work to ours is Dong et al.", 
        "269": "(2015).", 
        "270": "They considered the different aspects of answers, using three columns of CNNs to represent questions respectively.", 
        "271": "The difference is that our approach uses cross-attention mechanism for each unique answer aspect, so the question representation is not fixed to only three types.", 
        "272": "Moreover, we utilize the global KB information.", 
        "273": "Xu et al.", 
        "274": "(2016a; 2016b) proposed integrated systems to address KB-QA problems incorporating Wikipedia free text, in which they used multichannel CNNs to extract relations.", 
        "275": "5.2 Attention-based Model  The attention mechanism has been widely used in different areas.", 
        "276": "Bahdanau et al.", 
        "277": "(2015) first applied attention model in NLP.", 
        "278": "They improved\nthe encoder-decoder Neural Machine Translation (NMT) framework by jointly learning align and translation.", 
        "279": "They argued that representing source sentence by a fixed vector is unreasonable, and proposed a soft-align method, which could be understood as attention mechanism.", 
        "280": "Rush et al.", 
        "281": "(2015) implemented sentence-level summarization task.", 
        "282": "They utilized local attention-based model that generated each word of the summary conditioned on the input sentence.", 
        "283": "Wang et al.", 
        "284": "(2016) proposed an inner attention mechanism that the attention was imposed directly to the input.", 
        "285": "And their experiment on answer selection showed the advantage of inner attention compared with traditional attention methods.", 
        "286": "Yin et al.", 
        "287": "(2016) tackled simple question answering by an attentive convolutional neural network.", 
        "288": "They stacked an attentive max-pooling above convolution layer to model the relationship between predicates and question patterns.", 
        "289": "Our approach differs from previous work in that we use attentions to help represent questions dynamically, not generating current word from vocabulary as before.", 
        "290": "6 Conclusion  In this paper, we focus on KB-QA task.", 
        "291": "Firstly, we consider the impacts of the different answer aspects when representing the question, and propose a novel cross-attention model for KB-QA.", 
        "292": "Specifically, we employ the focus of the answer aspects to each question word and the attention weights of the question towards the answer aspects.", 
        "293": "This kind of dynamic representation is more precise and flexible.", 
        "294": "Secondly, we leverage the global KB information, which could take full advantage of the complete KB, and also alleviate the OOV problem for the attention model.", 
        "295": "The extensive experiments demonstrate that the proposed approach could achieve better performance compared with state-of-the-art end-to-end methods.", 
        "296": "Acknowledgments  This work was supported by the Natural Science Foundation of China (No.61533018) and the National Program of China (973 program No.", 
        "297": "2014CB340505).", 
        "298": "And this research work was also supported by Google through focused research awards program.", 
        "299": "We would like to thank the anonymous reviewers for their useful comments and suggestions."
    }, 
    "document_id": "P17-1021.pdf.json"
}
