{
    "abstract_sentences": {
        "1": "We present an approach to rapidly and easily build natural language interfaces to databases for new domains, whose performance improves over time based on user feedback, and requires minimal intervention.", 
        "2": "To achieve this, we adapt neural sequence models to map utterances directly to SQL with its full expressivity, bypassing any intermediate meaning representations.", 
        "3": "These models are immediately deployed online to solicit feedback from real users to flag incorrect queries.", 
        "4": "Finally, the popularity of SQL facilitates gathering annotations for incorrect predictions using the crowd, which is directly used to improve our models.", 
        "5": "This complete feedback loop, without intermediate representations or database specific engineering, opens up new ways of building high quality semantic parsers.", 
        "6": "Experiments suggest that this approach can be deployed quickly for any new target domain, as we show by learning a semantic parser for an online academic database from scratch."
    }, 
    "body_sentences": {
        "1": "  Proceedings of the 55th Annual Meeting of the Association for Computational Linguistics, pages 963\u2013973 Vancouver, Canada, July 30 - August 4, 2017. c\u00a92017 Association for Computational Linguistics\nhttps://doi.org/10.18653/v1/P17-1089\nWe present an approach to rapidly and easily build natural language interfaces to databases for new domains, whose performance improves over time based on user feedback, and requires minimal intervention.", 
        "2": "To achieve this, we adapt neural sequence models to map utterances directly to SQL with its full expressivity, bypassing any intermediate meaning representations.", 
        "3": "These models are immediately deployed online to solicit feedback from real users to flag incorrect queries.", 
        "4": "Finally, the popularity of SQL facilitates gathering annotations for incorrect predictions using the crowd, which is directly used to improve our models.", 
        "5": "This complete feedback loop, without intermediate representations or database specific engineering, opens up new ways of building high quality semantic parsers.", 
        "6": "Experiments suggest that this approach can be deployed quickly for any new target domain, as we show by learning a semantic parser for an online academic database from scratch.", 
        "7": "1 Introduction  Existing semantic parsing approaches for building natural language interfaces to databases (NLIDBs) either use special-purpose intermediate meaning representations that lack the full expressivity of database query languages or require extensive feature engineering, making it difficult to deploy them in new domains.", 
        "8": "We present a robust approach to quickly and easily learn and deploy semantic parsers from scratch, whose performance\nWork done partly during an internship at the Allen Institute for Artificial Intelligence.", 
        "9": "improves over time based on user feedback, and requires very little expert intervention.", 
        "10": "To learn these semantic parsers, we (1) adapt neural sequence models to map utterances directly to SQL thereby bypassing intermediate representations and taking full advantage of SQL\u2019s querying capabilities, (2) immediately deploy the model online to solicit questions and user feedback on results to reduce SQL annotation efforts, and (3) use crowd workers from skilled markets to provide SQL annotations that can directly be used for model improvement, in addition to being easier and cheaper to obtain than logical meaning representations.", 
        "11": "We demonstrate the effectiveness of the complete approach by successfully learning a semantic parser for an academic domain by simply deploying it online for three days.", 
        "12": "This type of interactive learning is related to a number of recent ideas in semantic parsing, in-\n963\ncluding batch learning of models that directly produce programs (e.g., regular expressions (Locascio et al., 2016)), learning from paraphrases (often gathered through crowdsourcing (Wang et al., 2015)), data augmentation (e.g.", 
        "13": "based on manually engineered semantic grammars (Jia and Liang, 2016)) and learning through direct interaction with users (e.g., where a single user teaches the model new concepts (Wang et al., 2016)).", 
        "14": "However, there are unique advantages to our approach, including showing (1) that non-linguists can write SQL to encode complex, compositional computations (see Fig 1 for an example), (2) that external paraphrase resources and the structure of facts from the target database itself can be used for effective data augmentation, and (3) that actual database users can effectively drive the overall learning by simply providing feedback about what the model is currently getting correct.", 
        "15": "Our experiments measure the performance of these learning advances, both in batch on existing datasets and through a simple online experiment for the full interactive setting.", 
        "16": "For the batch evaluation, we use sentences from the benchmark GeoQuery and ATIS domains, converted to contain SQL meaning representations.", 
        "17": "Our neural learning with data augmentation achieves reasonably high accuracies, despite the extra complexities of mapping directly to SQL.", 
        "18": "We also perform simulated interactive learning on this data, showing that with perfect user feedback our full approach could learn high quality parsers with only 55% of the data.", 
        "19": "Finally, we do a small scale online experiment for a new domain, academic paper metadata search, demonstrating that actual users can provide useful feedback and our full approach is an effective method for learning a high quality parser that continues to improve over time as it is used.", 
        "20": "2 Related Work  Although diverse meaning representation languages have been used with semantic parsers \u2013 such as regular expressions (Kushman and Barzilay, 2013; Locascio et al., 2016), Abstract Meaning Representations (AMR) (Artzi et al., 2015; Misra and Artzi, 2016), and systems of equations (Kushman et al., 2014; Roy et al., 2016) \u2013 parsers for querying databases have typically used either logic programs (Zelle and Mooney, 1996), lambda calculus (Zettlemoyer and Collins, 2005), or \u03bbDCS (Liang et al., 2013) as the meaning represen-\ntation language.", 
        "21": "All three of these languages are modeled after natural language to simplify parsing.", 
        "22": "However, none of them is used to query databases outside of the semantic parsing literature; therefore, they are understood by few people and not supported by standard database implementations.", 
        "23": "In contrast, we parse directly to SQL, which is a popular database query language with wide usage and support.", 
        "24": "Learning parsers directly from SQL queries has the added benefit that we can potentially hire programmers on skilled-labor crowd markets to provide labeled examples, such as UpWork1, which we demonstrate in this work.", 
        "25": "A few systems have been developed to directly generate SQL queries from natural language (Popescu et al., 2003; Giordani and Moschitti, 2012; Poon, 2013).", 
        "26": "However, all of these systems make strong assumptions on the structure of queries: they use manually engineered rules that can only generate a subset of SQL, require lexical matches between question tokens and table/column names, or require questions to have a certain syntactic structure.", 
        "27": "In contrast, our approach can generate arbitrary SQL queries, only uses lexical matching for entity names, and does not depend on syntactic parsing.", 
        "28": "We use a neural sequence-to-sequence model to directly generate SQL queries from natural language questions.", 
        "29": "This approach builds on recent work demonstrating that such models are effective for tasks such as machine translation (Bahdanau et al., 2015) and natural language generation (Kiddon et al., 2016).", 
        "30": "Recently, neural models have been successfully applied to semantic parsing with simpler meaning representation languages (Dong and Lapata, 2016; Jia and Liang, 2016) and short regular expressions (Locascio et al., 2016).", 
        "31": "Our work extends these results to the task of SQL generation.", 
        "32": "Finally, Ling et al.", 
        "33": "(2016) generate Java/Python code for trading cards given a natural language description; however, this system suffers from low overall accuracy.", 
        "34": "A final direction of related work studies methods for reducing the annotation effort required to train a semantic parser.", 
        "35": "Semantic parsers have been trained from various kinds of annotations, including labeled queries (Zelle and Mooney, 1996; Wong and Mooney, 2007; Zettlemoyer and Collins, 2005), question/answer pairs (Liang et al., 2013; Kwiatkowski et al., 2013; Berant et al.,\n1http://www.upwork.com\n2013), distant supervision (Krishnamurthy and Mitchell, 2012; Choi et al., 2015), and binary correct/incorrect feedback signals (Clarke et al., 2010; Artzi and Zettlemoyer, 2013).", 
        "36": "Each of these schemes presents a particular trade-off between annotation effort and parser accuracy; however, recent work has suggested that labeled queries are the most effective (Yih et al., 2016).", 
        "37": "Our approach trains on fully labeled SQL queries to maximize accuracy, but uses binary feedback from users to reduce the number of queries that need to be labeled.", 
        "38": "Annotation effort can also be reduced by using crowd workers to paraphrase automatically generated questions (Wang et al., 2015); however, this approach may not generate the questions that users actually want to ask the database \u2013 an experiment in this paper demonstrated that 48% of users\u2019 questions in a calendar domain could not be generated.", 
        "39": "3 Feedback-based Learning  Our feedback-based learning approach can be used to quickly deploy semantic parsers to create NLIDBs for any new domain.", 
        "40": "It is a simple interactive learning algorithm that deploys a preliminary semantic parser, then iteratively improves this parser using user feedback and selective query annotation.", 
        "41": "A key requirement of this algorithm is the ability to cheaply and efficiently annotate queries for chosen user utterances.", 
        "42": "We address this requirement by developing a model that directly outputs SQL queries (Section 4), which can also be produced by crowd workers.", 
        "43": "Our algorithm alternates between stages of training the model and making predictions to gather user feedback, with the goal of improving performance in each successive stage.", 
        "44": "The procedure is described in Algorithm 1.", 
        "45": "Our neural model N is initially trained on synthetic data T generated by domain-independent schema templates (see Section 4), and is then ready to answer new user questions, n. The results R of executing the predicted SQL query q are presented to the user who provides a binary correct/incorrect feedback signal.", 
        "46": "If the user marks the result correct, the pair (n, q) is added to the training set.", 
        "47": "If the user marks the result incorrect, the algorithm asks a crowd worker to annotate the utterance with the correct query, q\u0302, and adds (n, q\u0302) to the training set.", 
        "48": "This procedure can be repeated indefinitely, ideally increasing parser accuracy and requesting\nfewer annotations in each successive stage.", 
        "49": "1 Procedure LEARN(schema) 2 T \u2190 initial data(schema) 3 while true do 4 T \u2190 T \u222a paraphrase(T ) 5 N \u2190 train model(T ) 6 for n \u2208 new utterances do 7 q \u2190 predict(N , n) 8 R \u2190 execute(q) 9 f \u2190 feedback(R) 10 if f = correct then 11 T \u2190 T \u222a (n, q) 12 else if f = wrong then 13 q\u0302 \u2190 annotate(n) 14 T \u2190 T \u222a (n, q\u0302) 15 end 16 end 17 end 18 end\nAlgorithm 1: Feedback-based learning.", 
        "50": "4 Semantic Parsing to SQL  We use a neural sequence-to-sequence model for mapping natural language questions directly to SQL queries and this allows us to scale our feedback-based learning approach, by easily crowdsourcing labels when necessary.", 
        "51": "We further present two data augmentation techniques which use content from the database schema and external paraphrase resources.", 
        "52": "4.1 Model  We use an encoder-decoder model with global attention, similar to Luong et al.", 
        "53": "(2015), where the anonymized utterance (see Section 4.2) is encoded using a bidirectional LSTM network, then decoded to directly predict SQL query tokens.", 
        "54": "Fixed pre-trained word embeddings from word2vec (Mikolov et al., 2013) are concatenated to the embeddings that are learned for source tokens from the training data.", 
        "55": "The decoder predicts a conditional probability distribution over possible values for the next SQL token given the previous tokens using a combination of the previous SQL token embedding, attention over the hidden states of the encoder network, and an attention signal from the previous time step.", 
        "56": "Formally, if qi represents an embedding for the\nith SQL token qi, the decoder distribution is\np(qi|q1, .", 
        "57": ".", 
        "58": ".", 
        "59": ", qi\u22121) \u221d exp (W tanh(W\u0302[hi : ci])) where hi represents the hidden state output of the decoder LSTM at the ith timestep, ci represents the context vector generated using an attention weighted sum of encoder hidden states based on hi, and, W and W\u0302 are linear transformations.", 
        "60": "If sj is the hidden representation generated by the encoder for the jth word in the utterance (k words long), then the context vectors are defined to be:\nci = k\u2211\nj=1\n\u03b1i,j \u00b7 sj\nThe attention weights \u03b1i,j are computed using an inner product between the decoder hidden state for the current timestep hi, and the hidden representation of the jth source token sj:\n\u03b1i,j = exp(hiTFsj)\u2211k j=1 exp(hi TFsj)\nwhere F is a linear transformation.", 
        "61": "The decoder LSTM cell f computes the next hidden state hi, and cell state, mi, based on the previous hidden and cell states, hi\u22121,mi\u22121, the embeddings of the previous SQL token qi\u22121 and the context vector of the previous timestep, ci\u22121\nhi,mi = f(hi\u22121,mi\u22121,qi\u22121, ci\u22121)\nWe apply dropout on non-recurrent connections for regularization, as suggested by Pham et al.", 
        "62": "(2014).", 
        "63": "Beam search is used for decoding the SQL queries after learning.", 
        "64": "4.2 Entity Anonymization  We handle entities in the utterances and SQL by replacing them with their types, using incremental numbering to model multiple entities of the same type (e.g., CITY NAME 1).", 
        "65": "During training, when the SQL is available, we infer the type from the associated column name; for example, Boston is a city in city.city name = \u2019Boston\u2019.", 
        "66": "To recognize entities in the utterances at test time, we build a search engine on all entities from the target database.", 
        "67": "For every span of words (starting with a high span size and progressively reducing it), we query the search engine using a TF-IDF scheme to retrieve the entity that most closely matches the span, then replace the span with the entity\u2019s type.", 
        "68": "We store these mappings and apply them to the generated SQL to fill in the entity names.", 
        "69": "TF-IDF matching allows some flexibility in matching en-\ntity names in utterances, for example, a user could say Donald Knuth instead of Donald E. Knuth.", 
        "70": "4.3 Data Augmentation  We present two data augmentation strategies that either (1) provide the initial training data to start the interactive learning, before more labeled examples become available, or (2) use external paraphrase resources to improve generalization.", 
        "71": "Schema Templates To bootstrap the model to answer simple questions initially, we defined 22 language/SQL templates that are schema-agnostic, so they can be applied to any database.", 
        "72": "These templates contain slots whose values are populated given a database schema.", 
        "73": "An example template is shown in Figure 2a.", 
        "74": "The <ENT> types represent tables in the database schema, <ENT>.<COL> represents a column in the particular table and <ENT>.<COL>.<TYPE> represents the type associated with the particular column.", 
        "75": "A template is instantiated by first choosing the entities and attributes.", 
        "76": "Next, join conditions, i.e., JOIN FROM and JOIN WHERE clauses, are generated from the tables on the shortest path between the chosen tables in the database schema graph, which connects tables (graph nodes) using foreign key constraints.", 
        "77": "Figure 2b shows an instantiation of a template using the path author - writes - paper - paperdataset - dataset.", 
        "78": "SQL queries generated in this manner are guaranteed to be executable on the target database.", 
        "79": "On the language side, an English name of each entity is plugged into the template to generate an utterance for the query.", 
        "80": "Paraphrasing The second data augmentation strategy uses the Paraphrase Database (PPDB) (Ganitkevitch et al., 2013) to automatically generate paraphrases of training utterances.", 
        "81": "Such methods have been recently used to improve performance for parsing to logical forms (Chen et al., 2016).", 
        "82": "PPDB contains over 220 million paraphrase pairs divided into 6 sets (small to XXXL) based on precision of the paraphrases.", 
        "83": "We use the one-one and one-many paraphrases from the large version of PPDB.", 
        "84": "To paraphrase a training utterance, we pick a random word in the utterance that is not a stop word or entity and replace it with a random paraphrase.", 
        "85": "We perform paraphrase expansion on all examples labeled during learning, as well as the initial seed examples from schema templates.", 
        "86": "Get all <ENT1>.<NAME> having <ENT2>.<COL1>.<NAME> as <ENT2>.<COL1>.<TYPE>\nSELECT <ENT1>.<DEF> FROM JOIN_FROM(<ENT1>, <ENT2>) WHERE JOIN_WHERE(<ENT1>, <ENT2>) AND <ENT2>.<COL1> = <ENT2>.<COL1>.<TYPE>  5 Benchmark Experiments  Our first set of experiments demonstrates that our semantic parsing model has comparable accuracy to previous work, despite the increased difficulty of directly producing SQL.", 
        "87": "We demonstrate this result by running our model on two benchmark datasets for semantic parsing, GEO880 and ATIS.", 
        "88": "5.1 Data sets  GEO880 is a collection of 880 utterances issued to a database of US geographical facts (Geobase), originally in Prolog format.", 
        "89": "Popescu et al.", 
        "90": "(2003) created a relational database schema for Geobase together with SQL queries for a subset of 700 utterances.", 
        "91": "To compare against prior work on the full corpus, we annotated the remaining utterances and used the standard 600/280 training/test split (Zettlemoyer and Collins, 2005).", 
        "92": "ATIS is a collection of 5,418 utterances to a flight booking system, accompanied by a relational database and SQL queries to answer the questions.", 
        "93": "We use 4,473 utterances for training, 497 for development and 448 for test, following Kwiatkowski et al.", 
        "94": "(2011).", 
        "95": "The original SQL queries were very inefficient to execute due to the use of IN clauses, so we converted them to joins (Ramakrishnan and Gehrke, 2003) while verifying that the output of the queries was unchanged.", 
        "96": "Table 1 shows characteristics of both data sets.", 
        "97": "GEO880 has shorter queries but is more compositional: almost 40% of the SQL queries have at\nleast one nested subquery.", 
        "98": "ATIS has the longest utterances and queries, with an average utterance length of 11 words and an average SQL query length of 67 tokens.", 
        "99": "They also operate on approximately 6 tables per query on average.", 
        "100": "We will release our processed versions of both datasets.", 
        "101": "5.2 Experimental Methodology  We follow a standard train/dev/test methodology for our experiments.", 
        "102": "The training set is augmented using schema templates and 3 paraphrases per training example, as described in Section 4.", 
        "103": "Utterances were anonymized by replacing them with their corresponding types and all words that occur only once were replaced by UNK symbols.", 
        "104": "The development set is used for hyperparameter tuning and early stopping.", 
        "105": "For GEO880, we use cross validation on the training set to tune hyperparameters.", 
        "106": "We used a minibatch size of 100 and used Adam (Kingma and Ba, 2015) with a learning rate of 0.001 for 70 epochs for all our experiments.", 
        "107": "We used a beam size of 5 for decoding.", 
        "108": "We report test set accuracy of our SQL query predictions by executing them on the target database and comparing the result with the true result.", 
        "109": "5.3 Results  Tables 2 and 3 show test accuracies based on denotations for our model on GEO880 and ATIS respectively, compared with previous work.2 To our knowledge, this is the first result on directly parsing to SQL to achieve comparable performance to prior work without using any database-specific feature engineering.", 
        "110": "Popescu et al.", 
        "111": "(2003) and Giordani and Moschitti (2012) also directly produce SQL queries but on a subset of 700 examples from GEO880.", 
        "112": "The former only works on semantically tractable utterances where words can be un-\n2Note that 2.8% of GEO880 and 5% ATIS gold test set SQL queries (before any processing) produced empty results.", 
        "113": "ambiguously mapped to schema elements, while the latter uses a reranking approach that also limits the complexity of SQL queries that can be handled.", 
        "114": "GUSP (Poon, 2013) creates an intermediate representation that is then deterministically converted to SQL to obtain an accuracy of 74.8% on ATIS, which is boosted to 83.5% using manually introduced disambiguation rules.", 
        "115": "However, it requires a lot of SQL specific engineering (for example, special nodes for argmax) and is hard to extend to more complex SQL queries.", 
        "116": "On both datasets, our SQL model achieves reasonably high accuracies approaching that of the best non-SQL results.", 
        "117": "Most relevant to this work are the neural sequence based approaches of Dong and Lapata (2016) and Jia and Liang (2016).", 
        "118": "We note that Jia and Liang (2016) use a data recombination technique that boosts accuracy from 85.0 on GEO880 and 76.3 on ATIS; this technique is also compatible with our model and we hope to experi-\nment with this in future work.", 
        "119": "Our results demonstrate that these models are powerful enough to directly produce SQL queries.", 
        "120": "Thus, our methods enable us to utilize the full expressivity of the SQL language without any extensions that certain logical representations require to answer more complex queries.", 
        "121": "More importantly, it can be immediately deployed for users in new domains, with a large programming community available for annotation, and thus, fits effectively into a framework for interactive learning.", 
        "122": "We perform ablation studies on the development sets (see Table 4) and find that paraphrasing using PPDB consistently helps boost performance.", 
        "123": "However, unlike in the interactive experiments (Section 6), data augmentation using schema templates does not improve performance in the fully supervised setting.", 
        "124": "6 Interactive Learning Experiments  In this section, we learn a semantic parser for an academic domain from scratch by deploying an online system using our interactive learning algorithm (Section 3).", 
        "125": "After three train-deploy cycles, the system correctly answered 63.51% of user\u2019s questions.", 
        "126": "To our knowledge, this is the first effort to learn a semantic parser using a live system, and is enabled by our models that can directly parse language to SQL without manual intervention.", 
        "127": "6.1 User Interface  We developed a web interface for accepting natural language questions to an academic database from users, using our model to generate a SQL query, and displaying the results after execution.", 
        "128": "Several example utterances are also displayed to help users understand the domain.", 
        "129": "Together with the results of the generated SQL query, users are prompted to provide feedback which is used for\ninteractive learning.", 
        "130": "Screenshots of our interface are included in our Supplementary Materials.", 
        "131": "Collecting accurate user feedback on predicted queries is a key challenge in the interactive learning setting for two reasons.", 
        "132": "First, the system\u2019s results can be incorrect due to poor entity identification or incompleteness in the database, neither of which are under the semantic parser\u2019s control.", 
        "133": "Second, it can be difficult for users to determine if the presented results are in fact correct.", 
        "134": "This determination is especially challenging if the system responds with the correct type of result, for example, if the user requests \u201cpapers at ACL 2016\u201d and the system responds with all ACL papers.", 
        "135": "We address this challenge by providing users with two assists for understanding the system\u2019s behavior, and allowing users to provide more granular feedback than simply correct/incorrect.", 
        "136": "The first assist is type highlighting, which highlights entities identified in the utterance, for example, \u201cpaper by Michael I. Jordan (AUTHOR) in ICRA (VENUE) in 2016 (YEAR).\u201d This assist is especially helpful because the academic database contains noisy keyword and dataset tables that were automatically extracted from the papers.", 
        "137": "The second assist is utterance paraphrasing, which shows the user another utterance that maps to the same SQL query.", 
        "138": "For example, for the above query, the system may show \u201cwhat papers does Michael I. Jordan (AUTHOR) have in ICRA (VENUE) in 2016 (YEAR).\u201d This assist only appears if a matching query (after entity anonymization) exists in the model\u2019s training set.", 
        "139": "Using these assists and the predicted results, users are asked to select from five feedback options: Correct, Wrong Types, Incomplete Result, Wrong Result and Can\u2019t Tell.", 
        "140": "The Correct and Wrong Result options represent scenarios when the user is satisfied with the result, or the result is identifiably wrong, respectively.", 
        "141": "Wrong Types indicates incorrect entity identification, which can be determined from type highlighting.", 
        "142": "Incomplete Result indicates that the query is correct but the result is not; this outcome can occur because the database is incomplete.", 
        "143": "Can\u2019t Tell indicates that the user is unsure about the feedback to provide.", 
        "144": "6.2 Three-Stage Online Experiment  In this experiment, using our developed user interface, we use Algorithm 1 to learn a semantic parser from scratch.", 
        "145": "The experiment had three\nstages; in each stage, we recruited 10 new users (computer science graduate students) and asked them to issue at least 10 utterances each to the system and to provide feedback on the results.", 
        "146": "We considered results marked as either Correct or Incomplete Result as correct queries for learning.", 
        "147": "The remaining incorrect utterances were sent to a crowd worker for annotation and were used to retrain the system for the next stage.", 
        "148": "The crowd worker had prior experience in writing SQL queries and was hired from Upwork after completing a short SQL test.", 
        "149": "The worker was also given access to the database to be able to execute the queries and ensure that they are correct.", 
        "150": "For the first stage, the system was trained using 640 examples generated using templates, that were augmented to 1746 examples using paraphrasing (see Section 4.3).", 
        "151": "The complexity of the utterances issued in each of the three phases were comparable, in that, the average length of the correct SQL query for the utterances, and the number of tables required to be queried, were similar.", 
        "152": "Table 5 shows the percent of utterances judged by users as either Correct or Incomplete Result in each stage.", 
        "153": "In the first stage, we do not have any labeled examples, and the model is trained using only synthetically generated data from schema templates and paraphrases (see Section 4.3).", 
        "154": "Despite the lack of real examples, the system correctly answers 25% of questions.", 
        "155": "The system\u2019s accuracy increases and annotation effort decreases in each successive stage as additional utterances are contributed and incorrect utterances are labeled.", 
        "156": "This result demonstrates that we can successfully build semantic parsers for new domains by using neural models to generate SQL with crowdsourced annotations driven by user feedback.", 
        "157": "We analyzed the feedback signals provided by the users in the final stage of the experiment to measure the quality of feedback.", 
        "158": "We found that 22.3% of the generated queries did not execute (and hence were incorrect).", 
        "159": "6.1% of correctly generated queries were marked wrong by users (see Table 6).", 
        "160": "This erroneous feedback results in redundant annotation of already correct examples.", 
        "161": "The main cause of this erroneous feedback was incomplete data for aggregation queries, where users chose Wrong instead of Incomplete.", 
        "162": "6.3% of incorrect queries were erroneously deemed correct by users.", 
        "163": "It is important that this fraction be low, as these queries become incorrectly-labeled exam-\nples in the training set that may contribute to the deterioration of model accuracy over time.", 
        "164": "This quality of feedback is already sufficient for our neural models to improve with usage, and creating better interfaces to make feedback more accurate is an important task for future work.", 
        "165": "6.3 SCHOLAR dataset  We release a new semantic parsing dataset for academic database search using the utterances gathered in the user study.", 
        "166": "We augment these labeled utterances with additional utterances labeled by crowd workers.", 
        "167": "(Note that these additional utterances were not used in the online experiment).", 
        "168": "The final dataset comprises 816 natural language utterances labeled with SQL, divided into a 600/216 train/test split.", 
        "169": "We also provide a database on which to execute these queries containing academic papers with their authors, citations, journals, keywords and datasets used.", 
        "170": "Table 1 shows statistics of this dataset.", 
        "171": "Our parser achieves an accuracy of 67% on this train/test split in the fully supervised setting.", 
        "172": "In comparison, a nearest neighbor strategy that uses the cosine similarity metric using a TF-IDF representation for the utterances yields an accuracy of 52.75%.", 
        "173": "We found that 15% of the predicted queries did not execute, predominantly owing to (1) accessing table columns without joining with those tables, and (2) generating incorrect types that could not be deanonymized using the utterance.", 
        "174": "The main types of errors in the remaining well-formed queries that produced incorrect results were (1) portions of the utterance (such as \u2018top\u2019 and \u2018cited\nby both\u2019) were ignored, and (2) some types from the utterance were not transferred to the SQL query.", 
        "175": "6.4 Simulated Interactive Experiments  We conducted additional simulated interactive learning experiments using GEO880 and ATIS to better understand the behavior of our train-deploy feedback loop, the effects of our data augmentation approaches, and the annotation effort required.", 
        "176": "We randomly divide each training set into K batches and present these batches sequentially to our interactive learning algorithm.", 
        "177": "Correctness feedback is provided by comparing the result of the predicted query to the gold query, i.e., we assume that users are able to perfectly distinguish correct results from incorrect ones.", 
        "178": "Figure 3 shows accuracies on GEO880 and ATIS respectively of each batch when the model is trained on all previous batches.", 
        "179": "As in the live experiment, accuracy improves with successive batches.", 
        "180": "Data augmentation using templates helps in the initial stages of GEO880, but its advantage\nis reduced as more labeled data is obtained.", 
        "181": "Templates did not improve accuracy on ATIS, possibly because most ATIS queries involve two entities, i.e., a source city and a destination city, whereas our templates only generate questions with a single entity type.", 
        "182": "Nevertheless, templates are important in a live system to motivate users to interact with it in early stages.", 
        "183": "As observed before, paraphrasing improves performance at all stages.", 
        "184": "Table 7 shows the percent of examples that require annotation using various batch sizes for GEO880.", 
        "185": "Smaller batch sizes reduce annotation effort, with a batch size of 50 requiring only 54.3% of the examples to be annotated.", 
        "186": "This result demonstrates that more frequent deployments of improved models leads to fewer mistakes.", 
        "187": "7 Conclusion  We describe an approach to rapidly train a semantic parser as a NLIDB that iteratively improves parser accuracy over time while requiring minimal intervention.", 
        "188": "Our approach uses an attentionbased neural sequence-to-sequence model, with data augmentation from the target database and paraphrasing, to parse utterances to SQL.", 
        "189": "This model is deployed in an online system, where user feedback on its predictions is used to select utterances to send for crowd worker annotation.", 
        "190": "We find that the semantic parsing model is comparable in performance to previous systems that either map from utterances to logical forms, or generate SQL, on two benchmark datasets, GEO880 and ATIS.", 
        "191": "We further demonstrate the effectiveness of our online system by learning a semantic parser from scratch for an academic domain.", 
        "192": "A key advantage of our approach is that it is not language-specific, and can easily be ported to other commonly used query languages, such as SPARQL or ElasticSearch.", 
        "193": "Finally, we also release a new dataset of utterances and SQL queries for an academic domain.", 
        "194": "Acknowledgments  The research was supported in part by DARPA, under the DEFT program through the AFRL (FA8750-13-2-0019), the ARO (W911NF-16-10121), the NSF (IIS-1252835, IIS-1562364, IIS1546083, IIS-1651489, CNS-1563788), the DOE (DE-SC0016260), an Allen Distinguished Investigator Award, and gifts from NVIDIA, Adobe, and Google.", 
        "195": "The authors thank Rik Koncel-Kedziorski and the anonymous reviewers for their helpful comments."
    }, 
    "document_id": "P17-1089.pdf.json"
}
