{
    "abstract_sentences": {
        "1": "Restricted non-monotonicity has been shown beneficial for the projective arceager dependency parser in previous research, as posterior decisions can repair mistakes made in previous states due to the lack of information.", 
        "2": "In this paper, we propose a novel, fully non-monotonic transition system based on the non-projective Covington algorithm.", 
        "3": "As a non-monotonic system requires exploration of erroneous actions during the training process, we develop several non-monotonic variants of the recently defined dynamic oracle for the Covington parser, based on tight approximations of the loss.", 
        "4": "Experiments on datasets from the CoNLL-X and CoNLL-XI shared tasks show that a non-monotonic dynamic oracle outperforms the monotonic version in the majority of languages."
    }, 
    "body_sentences": {
        "1": "  Proceedings of the 55th Annual Meeting of the Association for Computational Linguistics, pages 288\u2013298 Vancouver, Canada, July 30 - August 4, 2017. c\u00a92017 Association for Computational Linguistics\nhttps://doi.org/10.18653/v1/P17-1027  1 Introduction  Greedy transition-based dependency parsers are widely used in different NLP tasks due to their speed and efficiency.", 
        "2": "They parse a sentence from left to right by greedily choosing the highestscoring transition to go from the current parser configuration or state to the next.", 
        "3": "The resulting sequence of transitions incrementally builds a parse for the input sentence.", 
        "4": "The scoring of the transitions is provided by a statistical model, previously trained to approximate an oracle, a function that selects the needed transitions to parse a gold tree.", 
        "5": "Unfortunately, the greedy nature that grants these parsers their efficiency also represents their main limitation.", 
        "6": "McDonald and Nivre (2007) show that greedy transition-based parsers lose accuracy to error propagation: a transition erroneously chosen by the greedy parser can place it\nin an incorrect and unknown configuration, causing more mistakes in the rest of the transition sequence.", 
        "7": "Training with a dynamic oracle (Goldberg and Nivre, 2012) improves robustness in these situations, but in a monotonic transition system, erroneous decisions made in the past are permanent, even when the availability of further information in later states might be useful to correct them.", 
        "8": "Honnibal et al.", 
        "9": "(2013) show that allowing some degree of non-monotonicity, by using a limited set of non-monotonic actions that can repair past mistakes and replace previously-built arcs, can increase the accuracy of a transition-based parser.", 
        "10": "In particular, they present a modified arc-eager transition system where the Left-Arc and Reduce transitions are non-monotonic: the former is used to repair invalid attachments made in previous states by replacing them with a leftward arc, and the latter allows the parser to link two words with a rightward arc that were previously left unattached due to an erroneous decision.", 
        "11": "Since the Right-Arc transition is still monotonic and leftward arcs can never be repaired because their dependent is removed from the stack by the arc-eager parser and rendered inaccessible, this approach can only repair certain kinds of mistakes: namely, it can fix erroneous rightward arcs by replacing them with a leftward arc, and connect a limited set of unattached words with rightward arcs.", 
        "12": "In addition, they argue that non-monotonicity in the training oracle can be harmful for the final accuracy and, therefore, they suggest to apply it only as a fallback component for a monotonic oracle, which is given priority over the non-monotonic one.", 
        "13": "Thus, this strategy will follow the path dictated by the monotonic oracle the majority of the time.", 
        "14": "Honnibal and Johnson (2015) present an extension of this transition system with an Unshift transition allowing it some extra flexibility to correct past errors.", 
        "15": "However, the restriction that only rightward\n288\narcs can be deleted, and only by replacing them with leftward arcs, is still in place.", 
        "16": "Furthermore, both versions of the algorithm are limited to projective trees.", 
        "17": "In this paper, we propose a non-monotonic transition system based on the non-projective Covington parser, together with a dynamic oracle to train it with erroneous examples that will need to be repaired.", 
        "18": "Unlike the system developed in (Honnibal et al., 2013; Honnibal and Johnson, 2015), we work with full non-monotonicity.", 
        "19": "This has a twofold meaning: (1) our approach can repair previous erroneous attachments regardless of their original direction, and it can replace them either with a rightward or leftward arc as both arc transitions are non-monotonic;1 and (2) we use exclusively a non-monotonic oracle, without the interferences of monotonic decisions.", 
        "20": "These modifications are feasible because the non-projective Covington transition system is less rigid than the arc-eager algorithm, as words are never deleted from the parser\u2019s data structures and can always be revisited, making it a better option to exploit the full potencial of non-monotonicity.", 
        "21": "To our knowledge, the presented system is the first nonmonotonic parser that can produce non-projective dependency analyses.", 
        "22": "Another novel aspect is that our dynamic oracle is approximate, i.e., based on efficiently-computable approximations of the loss due to the complexity of calculating its actual value in a non-monotonic and non-projective scenario.", 
        "23": "However, this is not a problem in practice: experimental results show how our parser and oracle can use non-monotonic actions to repair erroneous attachments, outperforming the monotonic version developed by Go\u0301mez-Rodr\u0131\u0301guez and Ferna\u0301ndez-Gonza\u0301lez (2015) in a large majority of the datasets tested.", 
        "24": "2 Preliminaries    2.1 Non-Projective Covington Transition System  The non-projective Covington parser was originally defined by Covington (2001), and then recast by Nivre (2008) under the transition-based parsing framework.", 
        "25": "1The only restriction is that parsing must still proceed in left-to-right order.", 
        "26": "For this reason, a leftward arc cannot be repaired with a rightward arc, because this would imply going back in the sentence.", 
        "27": "The other three combinations (replacing leftward with leftward, rightward with leftward or rightward with rightward arcs) are possible.", 
        "28": "The transition system that defines this parser is as follows: each parser configuration is of the form c = \u3008\u03bb1, \u03bb2, B,A\u3009, such that \u03bb1 and \u03bb2 are lists of partially processed words, B is another list (called the buffer) containing currently unprocessed words, and A is the set of dependencies that have been built so far.", 
        "29": "Suppose that our input is a string w1 \u00b7 \u00b7 \u00b7wn, whose word occurrences will be identified with their indices 1 \u00b7 \u00b7 \u00b7n for simplicity.", 
        "30": "Then, the parser will start at an initial configuration cs(w1 .", 
        "31": ".", 
        "32": ".", 
        "33": "wn) = \u3008[], [], [1 .", 
        "34": ".", 
        "35": ".", 
        "36": "n], \u2205\u3009, and execute transitions chosen from those in Figure 1 until a terminal configuration of the form {\u3008\u03bb1, \u03bb2, [], A\u3009 \u2208 C} is reached.", 
        "37": "At that point, the sentence\u2019s parse tree is obtained from A.2\nThese transitions implement the same logic as the double nested loop traversing word pairs in the original formulation by Covington (2001).", 
        "38": "When the parser\u2019s configuration is \u3008\u03bb1|i, \u03bb2, j|B,A\u3009, we say that it is considering the focus words i and j, located at the end of the first list and at the beginning of the buffer.", 
        "39": "At that point, the parser must decide whether these two words should be linked with a leftward arc i \u2190 j (Left-Arc transition), a rightward arc i \u2192 j (Right-Arc transition), or not linked at all (No-Arc transition).", 
        "40": "However, the two transitions that create arcs will be disallowed in configurations where this would cause a violation of the single-head constraint (a node can have at most one incoming arc) or the acyclicity constraint (the dependency graph cannot have cycles).", 
        "41": "After applying any of these three transitions, i is moved to the second list to make i \u2212 1 and j the focus words for the next step.", 
        "42": "As an alternative, we can instead choose to execute a Shift transition which lets the parser read a new input word, placing the focus on j and j + 1.", 
        "43": "The resulting parser can generate any possible dependency tree for the input, including arbitrary non-projective trees.", 
        "44": "While it runs in quadratic worst-case time, in theory worse than lineartime transition-based parsers (e.g.", 
        "45": "(Nivre, 2003; Go\u0301mez-Rodr\u0131\u0301guez and Nivre, 2013)), it has been shown to outspeed linear algorithms in practice, thanks to feature extraction optimizations that cannot be implemented in other parsers (Volokh and Neumann, 2012).", 
        "46": "In fact, one of the fastest dependency parsers ever reported uses this algorithm\n2In general A is a forest, but it can be converted to a tree by linking headless nodes as dependents of an artificial root node at position 0.", 
        "47": "When we refer to parser outputs as trees, we assume that this transformation is being implicitly made.", 
        "48": "(Volokh, 2013).", 
        "49": "2.2 Monotonic Dynamic Oracle  A dynamic oracle is a function that maps a configuration c and a gold tree tG to the set of transitions that can be applied in c and lead to some parse tree t minimizing the Hamming loss with respect to tG (the amount of nodes whose head is different in t and tG).", 
        "50": "Following Goldberg and Nivre (2013), we say that an arc set A is reachable from configuration c, and we write c A, if there is some (possibly empty) path of transitions from c to some configuration c\u2032 = \u3008\u03bb1, \u03bb2, B,A\u2032\u3009, with A \u2286 A\u2032.", 
        "51": "Then, we can define the loss of configuration c as\n`(c) = min t|c t\nL(t, tG),\nand therefore, a correct dynamic oracle will return the set of transitions\nod(c, tG) = {\u03c4 | `(c)\u2212 `(\u03c4(c)) = 0},\ni.e., the set of transitions that do not increase configuration loss, and thus lead to the best parse (in terms of loss) reachable from c. Hence, implementing a dynamic oracle reduces to computing the loss `(c) for each configuration c.\nGoldberg and Nivre (2013) show a straightforward method to calculate loss for parsers that are arc-decomposable, i.e., those where every arc set A that can be part of a well-formed parse verifies that if c (i \u2192 j) for every i \u2192 j \u2208 A (i.e., each of the individual arcs of A is reachable from a given configuration c), then c A (i.e., the set A as a whole is reachable from c).", 
        "52": "If this holds, then the loss of a configuration c equals the number of gold arcs that are not individually reachable from c, which is easy to compute in most parsers.", 
        "53": "Go\u0301mez-Rodr\u0131\u0301guez and Ferna\u0301ndez-Gonza\u0301lez (2015) show that the non-projective Covington parser is not arc-decomposable because sets of individually reachable arcs may form cycles together with already-built arcs, preventing them\nfrom being jointly reachable due to the acyclicity constraint.", 
        "54": "In spite of this, they prove that a dynamic oracle for the Covington parser can be efficiently built by counting individually unreachable arcs, and correcting for the presence of such cycles.", 
        "55": "Concretely, the loss is computed as:\n`(c) = |U(c, tG)|+ nc(A \u222a I(c, tG))\nwhere I(c, tG) = {x \u2192 y \u2208 tG | c (x \u2192 y)} is the set of individually reachable arcs of tG from configuration c; U(c, tG) is the set of individually unreachable arcs of tG from c, computed as tG\\I(c, tG); and nc(G) denotes the number of cycles in a graph G.\nTherefore, to calculate the loss of a configuration c, we only need to compute the two terms |U(c, tG)| and nc(A \u222a I(c, tG)).", 
        "56": "To calculate the first term, given a configuration cwith focus words i and j (i.e., c = \u3008\u03bb1|i, \u03bb2, j|B,A\u3009), an arc x\u2192 y will be in U(c, tG) if it is not in A, and at least one of the following holds:\n\u2022 j > max(x, y), (i.e., we have read too far in the string and can no longer get max(x, y) as right focus word), \u2022 j = max(x, y) \u2227 i < min(x, y), (i.e., we\nhave max(x, y) as the right focus word but the left focus word has already moved left past min(x, y), and we cannot go back), \u2022 there is some z 6= 0, z 6= x such that z \u2192 y \u2208 A, (i.e., we cannot create x\u2192 y because it would violate the single-head constraint), \u2022 x and y are on the same weakly connected\ncomponent of A (i.e., we cannot create x \u2192 y due to the acyclicity constraint).", 
        "57": "The second term of the loss, nc(A \u222a I(c, tG)), can be computed by first obtaining I(c, tG) as tG \\ U(c, tG).", 
        "58": "Since the graph I(c, tG) has indegree 1, the algorithm by Tarjan (1972) can then be used to find and count the cycles in O(n) time.", 
        "59": "Algorithm 1 Computation of the loss of a configuration in the monotonic oracle.", 
        "60": "1: function LOSS(c = \u3008\u03bb1|i, \u03bb2, j|B,A\u3009, tG) 2: U \u2190 \u2205 .", 
        "61": "Variable U is for U(c, tG) 3: for each x\u2192 y \u2208 (tG \\A) do 4: left \u2190 min(x, y) 5: right \u2190 max(x, y) 6: if j > right \u2228 7: (j = right \u2227 i < left)\u2228 8: (\u2203z > 0, z 6= x : z \u2192 y \u2208 A)\u2228 9: WEAKLYCONNECTED(A, x, y) then 10: U \u2190 u \u222a {x\u2192 y} 11: I \u2190 tG \\U .", 
        "62": "Variable I is for I(c, tG) 12: return |U |+ COUNTCYCLES(A \u222a I )\nAlgorithm 1 shows the resulting loss calculation algorithm, where COUNTCYCLES is a function that counts the number of cycles in the given graph and WEAKLYCONNECTED returns whether two given nodes are weakly connected in A.", 
        "63": "3 Non-Monotonic Transition System for the Covington Non-Projective Parser  We now define a non-monotonic variant of the Covington non-projective parser.", 
        "64": "To do so, we allow the Right-Arc and Left-Arc transitions to create arcs between any pair of nodes without restriction.", 
        "65": "If the node attached as dependent already had a previous head, the existing attachment is discarded in favor of the new one.", 
        "66": "This allows the parser to correct erroneous attachments made in the past by assigning new heads, while still enforcing the single-head constraint, as only the most recent head assigned to each node is kept.", 
        "67": "To enforce acyclicity, one possibility would be to keep the logic of the monotonic algorithm, forbidding the creation of arcs that would create cycles.", 
        "68": "However, this greatly complicates the definition of the set of individually unreachable arcs, which is needed to compute the loss bounds that will be used by the dynamic oracle.", 
        "69": "This is because a gold arc x \u2192 y may superficially seem unreachable due to forming a cycle together with arcs in A, but it might in fact be reachable if there is some transition sequence that first breaks the cycle using non-monotonic transitions to remove arcs from A, to then create x \u2192 y.", 
        "70": "We do not know of a way to characterize the conditions under which such a transition sequence exists, and thus cannot estimate the loss efficiently.", 
        "71": "Instead, we enforce the acyclicity constraint in a similar way to the single-head constraint: Right-Arc and Left-Arc transitions are always allowed, even if the prospective arc would create a\ncycle in A.", 
        "72": "However, if the creation of a new arc x\u2192 y generates a cycle in A, we immediately remove the arc of the form z \u2192 x from A (which trivially exists, and is unique due to the singlehead constraint).", 
        "73": "This not only enforces the acyclicity constraint while keeping the computation of U(c, tG) simple and efficient, but also produces a straightforward, coherent algorithm (arc transitions are always allowed, and both constraints are enforced by deleting a previous arc) and allows us to exploit non-monotonicity to the maximum (we can not only recover from assigning a node the wrong head, but also from situations where previous errors together with the acyclicity constraint prevent us from building a gold arc, keeping with the principle that later decisions override earlier ones).", 
        "74": "In Figure 2, we can see the resulting nonmonotonic transition system for the non-projective Covington algorithm, where, unlike the monotonic version, all transitions are allowed at each configuration, and the single-head and acyclicity constraints are kept in A by removing offending arcs.", 
        "75": "4 Non-Monotonic Approximate Dynamic Oracle  To successfully train a non-monotonic system, we need a dynamic oracle with error exploration, so that the parser will be put in erroneous states and need to apply non-monotonic transitions in order to repair them.", 
        "76": "To achieve that, we modify the dynamic oracle defined by Go\u0301mez-Rodr\u0131\u0301guez and Ferna\u0301ndez-Gonza\u0301lez (2015) so that it can deal with non-monotonicity.", 
        "77": "Our modification is an approximate dynamic oracle: due to the extra flexibility added to the algorithm by non-monotonicity, we do not know of an efficient way of obtaining an exact calculation of the loss of a given configuration.", 
        "78": "Instead, we use upper or lower bounds on the loss, which we empirically show to be very tight (less that 1% relative error with respect to the real loss) and are sufficient for the algorithm to provide better accuracy than the exact monotonic oracle.", 
        "79": "First of all, we adapt the computation of the set of individually unreachable arcs U(c, tG) to the new algorithm.", 
        "80": "In particular, if c has focus words i and j (i.e., c = \u3008\u03bb1|i, \u03bb2, j|B,A\u3009), then an arc x \u2192 y is in U(c, tG) if it is not in A, and at least one of the following holds: \u2022 j > max(x, y), (i.e., we have read too far in\nthe string and can no longer get max(x, y) as\nright focus word), \u2022 j = max(x, y) \u2227 i < min(x, y) (i.e., we\nhave max(x, y) as the right focus word but the left focus word has already moved left past min(x, y), and we cannot move it back).", 
        "81": "Note that, since the head of a node can change during the parsing process and arcs that produce cycles in A can be built, the two last conditions present in the monotonic scenario for computing U(c, tG) are not needed when we use nonmonotonicity and, as a consequence, the set of individually reachable arcs I(c, tG) is larger: due to the greater flexibility provided by nonmonotonicity, we can reach arcs that would be unreachable for the monotonic version.", 
        "82": "Since arcs that are in this new U(c, tG) are unreachable even by the non-monotonic parser, |U(c, tG)| is trivially a lower bound of the loss `(c).", 
        "83": "It is worth noting that there always exists at least one transition sequence that builds every arc in I(c, tG) at some point (although not all of them necessarily appear in the final tree, due to non-monotonicity).", 
        "84": "This can be easily shown based on the fact that the non-monotonic parser does not forbid transitions at any configuration.", 
        "85": "Thanks to this, we can can generate one such sequence by just applying the original Covington (2001) criteria (choose an arc transition whenever the focus words are linked in I(c, tG), and otherwise Shift or No-Arc depending on whether the left focus word is the first word in the sentence or not), although this sequence is not necessarily optimal in terms of loss.", 
        "86": "In such a transition sequence, the gold arcs that are missed are (1) those in U(c, tG), and (2) those that are removed by the cycle-breaking in Left-Arc and Right-Arc transitions.", 
        "87": "In practice configurations where (2) is needed are uncommon, so this lower bound is a very close approximation of the real loss, as will be seen empirically below.", 
        "88": "This reasoning also helps us calculate an up-\nper bound of the loss: in a transition sequence as described, if we only build the arcs in I(c, tG) and none else, the amount of arcs removed by breaking cycles (2) cannot be larger than the number of cycles in A \u222a I(c, tG).", 
        "89": "This means that |U(c, tG)|+nc(A\u222aI(c, tG)) is an upper bound of the loss `(c).", 
        "90": "Note that, contrary to the monotonic case, this expression does not always give us the exact loss, for several reasons: firstly, A\u222aI(c, tG) can have non-disjoint cycles (a node may have different heads in A and I since attachments are not permanent, contrary to the monotonic version) and thus removing a single arc may break more than one cycle; secondly, the removed arc can be a non-gold arc of A and therefore not incur loss; and thirdly, there may exist alternative transition sequences where a cycle in A\u222aI(c, tG) is broken early by non-monotonic configurations that change the head of a wrongly-attached node in A to a different (and also wrong) head,3 removing the cycle before the cycle-breaking mechanism needs to come into play without incurring in extra errors.", 
        "91": "Characterizing the situations where such an alternative exists is the main difficulty for an exact calculation of the loss.", 
        "92": "However, it is possible to obtain a closer upper bound to the real loss if we consider the following: for each cycle in A \u222a I(c, tG) that will be broken by the transition sequence described above, we can determine exactly which is the arc removed by cycle-breaking (if x \u2192 y is the arc that will close the cycle according to the Covington arc-building order, then the affected arc is the one of the form z \u2192 x).", 
        "93": "The cycle can only cause the loss of a gold arc if that arc z \u2192 x is gold, which can be trivially checked.", 
        "94": "Hence, if we call cycles where that holds problematic cycles, then the expression\n3Note that, in this scenario, the new head must also be wrong because otherwise the newly created arc would be an arc of I(c, tG) (and therefore, would not be breaking a cycle in A \u222a I(c, tG)).", 
        "95": "However, replacing a wrong attachment with another wrong attachment need not increase loss.", 
        "96": "|U(c, tG)|+npc(A\u222aI(c, tG)), where \u201cpc\u201d stands for problematic cycles, is a closer upper bound to the loss `(c) and the following holds:\n|U(c, tG)| \u2264 `(c) \u2264 |U(c, tG)|+npc(A\u222aI(c, tG))\n\u2264 |U(c, tG)|+ nc(A \u222a I(c, tG))\nAs mentioned before, unlike the monotonic approach, a node can have a different head in A than in I(c, tG) and, as a consequence, the resulting graph A \u222a I(c, tG) has maximum in-degree 2 rather than 1, and there can be overlapping cycles.", 
        "97": "Therefore, the computation of the non-monotonic terms nc(A \u222a I(c, tG)) and npc(A \u222a I(c, tG)) requires an algorithm such as the one by Johnson (1975) to find all elementary cycles in a directed graph.", 
        "98": "This runs in O((n + e)(c + 1)), where n is the number of vertices, e is the number of edges and c is the number of elementary cycles in the graph.", 
        "99": "This implies that the calculation of the two non-monotonic upper bounds is less efficient than the linear loss computation in the monotonic scenario.", 
        "100": "However, a non-monotonic algorithm that uses the lower bound as loss expression is the fastest option (even faster than the monotonic approach) as the oracle does not need to compute cycles at all, speeding up the training process.", 
        "101": "Algorithm 2 shows the non-monotonic variant of Algorithm 1, where COUNTRELEVANTCYCLES is a function that counts the number of cycles or problematic cycles in the given graph,\nAlgorithm 2 Computation of the approximate loss of a non-monotonic configuration.", 
        "102": "1: function LOSS(c = \u3008\u03bb1|i, \u03bb2, j|B,A\u3009, tG) 2: U \u2190 \u2205 .", 
        "103": "Variable U is for U(c, tG) 3: for each x\u2192 y \u2208 (tG \\A) do 4: left \u2190 min(x, y) 5: right \u2190 max(x, y) 6: if j > right \u2228 7: (j = right \u2227 i < left) then 8: U \u2190 u \u222a {x\u2192 y} 9: I \u2190 tG \\U .", 
        "104": "Variable I is for I(c, tG) 10: return |U |+ COUNTRELEVANTCYCLES(A \u222a I )\ndepending on the upper bound implemented, and will return 0 in case we use the lower bound.", 
        "105": "5 Evaluation of the Loss Bounds  To determine how close the lower bound |U(c, tG)| and the upper bounds |U(c, tG)| + npc(A\u222aI(c, tG)) and |U(c, tG)|+nc(A\u222aI(c, tG)) are to the actual loss in practical scenarios, we use exhaustive search to calculate the real loss of a given configuration, to then compare it with the bounds.", 
        "106": "This is feasible because the lower and upper bounds allow us to prune the search space: if an upper and a lower bound coincide for a configuration we already know the loss and need not keep searching, and if we can branch to two configurations such that the lower bound of one is greater or equal than an upper bound of the other, we can discard the former as it will never lead to smaller loss than the latter.", 
        "107": "Therefore, this ex-\nhaustive search with pruning guarantees to find the exact loss.", 
        "108": "Due to the time complexity of this process, we undertake the analysis of only the first 100,000 transitions on each dataset of the nineteen languages available from CoNLL-X and CoNLL-XI shared tasks (Buchholz and Marsi, 2006; Nivre et al., 2007).", 
        "109": "In Table 1, we present the average values for the lower bound, both upper bounds and the loss, as well as the relative differences from each bound to the real loss.", 
        "110": "After those experiments, we conclude that the lower and the closer upper bounds are a tight approximation of the loss, with both bounds incurring relative errors below 0.8% in all datasets.", 
        "111": "If we compare them, the real loss is closer to the upper bound |U(c, tG)| + npc(A \u222a I(c, tG)) in the majority of datasets (12 out of 18 languages, excluding Japanese where both bounds were exactly equal to the real loss in the whole sample of configurations).", 
        "112": "This means that the term npc(A\u222aI(c, tG)) provides a close approximation of the gold arcs missed by the presence of cycles in A.", 
        "113": "Regarding the upper bound |U(c, tG)|+nc(A\u222aI(c, tG)),\nit presents a more variable relative error, ranging from 0.1% to 4.0%.", 
        "114": "Thus, although we do not know an algorithm to obtain the exact loss which is fast enough to be practical, any of the three studied loss bounds can be used to obtain a feasible approximate dynamic oracle with full non-monotonicity.", 
        "115": "6 Experiments  To prove the usefulness of our approach, we implement the static, dynamic monotonic and nonmonotonic oracles for the non-projective Covington algorithm and compare their accuracies on nine datasets4 from the CoNLL-X shared task (Buchholz and Marsi, 2006) and all datasets from the CoNLL-XI shared task (Nivre et al., 2007).", 
        "116": "For the non-monotonic algorithm, we test the three different loss expressions defined in the previous section.", 
        "117": "We train an averaged perceptron model for 15 iterations and use the same feature templates for all languages5 which are listed in detail in Table 2.", 
        "118": "6.1 Results  The accuracies obtained by the non-projective Covington parser with the three available oracles are presented in Table 3, in terms of Unlabeled (UAS) and Labeled Attachment Score (LAS).", 
        "119": "For the non-monotonic dynamic oracle, three variants are shown, one for each loss expression implemented.", 
        "120": "As we can see, the novel non-monotonic oracle improves over the accuracy of the monotonic version on 14 out of 19 languages (0.32 in UAS on average) with the best loss calculation being |U(c, tG)| + nc(A \u222a I(c, tG)), where 6 of these improvements are statistically significant at the .05 level (Yeh, 2000).", 
        "121": "The other two loss calculation methods also achieve good results, outperforming the monotonic algorithm on 12 out of 19 datasets tested.", 
        "122": "The loss expression |U(c, tG)| + nc(A \u222a I(c, tG)) obtains greater accuracy on average than the other two loss expressions, including the more adjusted upper bound that is provably closer to the real loss.", 
        "123": "This could be explained by the fact that\n4We excluded the languages from CoNLL-X that also appeared in CoNLL-XI, i.e., if a language was present in both shared tasks, we used the latest version.", 
        "124": "5No feature optimization is performed since our priority in this paper is not to compete with state-of-the-art systems, but to prove, under uniform experimental settings, that our approach outperforms the baseline system.", 
        "125": "identifying problematic cycles is a difficult task to learn for the parser, and for this reason a more straightforward approach, which tries to avoid all kinds of cycles (regardless of whether they will cost gold arcs or not), can perform better.", 
        "126": "This also leads us to hypothesize that, even if it were feasible to build an oracle with the exact loss, it would not provide practical improvements over these approximate oracles; as it appears difficult for a statistical model to learn the situations where replacing a wrong arc with another indirectly helps due to breaking prospective cycles.", 
        "127": "It is also worth mentioning that the nonmonotonic dynamic oracle with the best loss expression accomplishes an average improvement over the static version (1.26 UAS) greater than that obtained by the monotonic oracle (0.98 UAS), resulting in 13 statistically significant improvements achieved by the non-monotonic variant over the static oracle in comparison to the 12 obtained by the monotonic system.", 
        "128": "Finally, note that, despite this remarkable performance, the non-monotonic version (regardless of the loss expression implemented) has an inexplicable drop in accuracy in Basque in comparison to the other two oracles.", 
        "129": "6.2 Comparison  In order to provide a broader contextualization of our approach, Table 4 presents a comparison of the average accuracy and parsing speed obtained by some well-known transition-based systems with dynamic oracles.", 
        "130": "Concretely, we include in this comparison both monotonic (Goldberg and Nivre, 2012) and non-monotonic (Honnibal et al., 2013) versions of the arc-eager parser, as well as the original monotonic Covington system (Go\u0301mez-Rodr\u0131\u0301guez and Ferna\u0301ndez-Gonza\u0301lez, 2015).", 
        "131": "The three of them were ran with our own implementation so the comparison is homogeneous.", 
        "132": "We also report the published accuracy of the non-projective Attardi algorithm (Go\u0301mezRodr\u0131\u0301guez et al., 2014) on the nineteen datasets used in our experiments.", 
        "133": "From Table 4 we can see that our approach achieves the best average UAS score, but is slightly slower at parsing time than the monotonic Covington algorithm.", 
        "134": "This can be explained by the fact that the non-monotonic parser has to take into consideration the whole set of transitions at each configuration (since all are allowed), while the monotonic parser only needs to evaluate a limited set of transitions in some con-\nfigurations, speeding up the parsing process.", 
        "135": "6.3 Error Analysis  We also carry out some error analysis to provide some insights about how non-monotonicity is improving accuracy with respect to the original Covington parser.", 
        "136": "In particular, we notice that nonmonotonicity tends to be more beneficial on projective than on non-projective arcs.", 
        "137": "In addition, the non-monotonic algorithm presents a notable performance on long arcs (which are more prone to error propagation): average precision on arcs with length greater than 7 goes from 58.41% in the monotonic version to 63.19% in the non-monotonic parser, which may mean that non-monotonicity is alleviating the effect of error propagation.", 
        "138": "Finally, we study the effectiveness of non-monotonic arcs (i.e., those that break a previously-created arc), obtaining that, on average across all datasets tested, 36.86% of the arc transitions taken were non-monotonic, replacing an existing arc with a new one.", 
        "139": "Out of these transitions, 60.31% created a gold arc, and only 5.99% were harmful (i.e., they replaced a previously-built gold arc with an incorrect arc), with the remaining cases creating non-gold arcs without introducing extra errors (replacing a non-gold arc with another).", 
        "140": "These results back up the usefulness of non-monotonicity in transition-based parsing.", 
        "141": "7 Conclusion  We presented a novel, fully non-monotonic variant of the well-known non-projective Covington parser, trained with a dynamic oracle.", 
        "142": "Due to the unpredictability of a non-monotonic scenario, the real loss of each configuration cannot be computed.", 
        "143": "To overcome this, we proposed three different loss expressions that closely bound the loss and enable us to implement a practical non-monotonic dynamic oracle.", 
        "144": "On average, our non-monotonic algorithm obtains better performance than the monotonic version, regardless of which of the variants of the loss calculation is used.", 
        "145": "In particular, one of the loss expressions developed proved very promising by providing the best average accuracy, in spite of being the farthest approximation from the actual loss.", 
        "146": "On the other hand, the proposed lower bound makes the non-monotonic oracle the fastest one among all dynamic oracles developed for the non-projective Covington algorithm.", 
        "147": "To our knowledge, this is the first implementation of non-monotonicity for a nonprojective parsing algorithm, and the first approximate dynamic oracle that uses close, efficientlycomputable approximations of the loss, showing this to be a feasible alternative when it is not practical to compute the actual loss.", 
        "148": "While we used a perceptron classifier for our experiments, our oracle could also be used in neuralnetwork implementations of greedy transitionbased parsing (Chen and Manning, 2014; Dyer et al., 2015), providing an interesting avenue for future work.", 
        "149": "We believe that gains from both techniques should be complementary, as they apply to orthogonal components of the parsing system (the scoring model vs. the transition system), although we might see a \u201ddiminishing returns\u201deffect.", 
        "150": "Acknowledgments  This research has received funding from the European Research Council (ERC) under the European Union\u2019s Horizon 2020 research and innovation programme (grant agreement No 714150 - FASTPARSE).", 
        "151": "The second author has received funding from the TELEPARES-UDC project (FFI2014-51978-C2-2-R) from MINECO."
    }, 
    "document_id": "P17-1027.pdf.json"
}
