{
    "abstract_sentences": {
        "1": "Recurrent neural networks (RNNs) have shown promising performance for language modeling.", 
        "2": "However, traditional training of RNNs using back-propagation through time often suffers from overfitting.", 
        "3": "One reason for this is that stochastic optimization (used for large training sets) does not provide good estimates of model uncertainty.", 
        "4": "This paper leverages recent advances in stochastic gradient Markov Chain Monte Carlo (also appropriate for large training sets) to learn weight uncertainty in RNNs.", 
        "5": "It yields a principled Bayesian learning algorithm, adding gradient noise during training (enhancing exploration of the model-parameter space) and model averaging when testing.", 
        "6": "Extensive experiments on various RNN models and across a broad range of applications demonstrate the superiority of the proposed approach relative to stochastic optimization."
    }, 
    "body_sentences": {
        "1": "  Proceedings of the 55th Annual Meeting of the Association for Computational Linguistics, pages 321\u2013331 Vancouver, Canada, July 30 - August 4, 2017. c\u00a92017 Association for Computational Linguistics\nhttps://doi.org/10.18653/v1/P17-1030  1 Introduction  Language modeling is a fundamental task, used for example to predict the next word or character in a text sequence given the context.", 
        "2": "Recently, recurrent neural networks (RNNs) have shown promising performance on this task (Mikolov et al., 2010; Sutskever et al., 2011).", 
        "3": "RNNs with Long Short-Term Memory (LSTM) units (Hochreiter and Schmidhuber, 1997) have emerged as a popular architecture, due to their representational power and effectiveness at capturing long-term dependencies.", 
        "4": "RNNs are usually trained via back-propagation through time (Werbos, 1990), using stochastic op-\n\u2217Equal contribution.", 
        "5": "\u2020Corresponding author.", 
        "6": "timization methods such as stochastic gradient descent (SGD) (Robbins and Monro, 1951); stochastic methods of this type are particularly important for training with large data sets.", 
        "7": "However, this approach often provides a maximum a posteriori (MAP) estimate of model parameters.", 
        "8": "The MAP solution is a single point estimate, ignoring weight uncertainty (Blundell et al., 2015; Herna\u0301ndezLobato and Adams, 2015).", 
        "9": "Natural language often exhibits significant variability, and hence such a point estimate may make over-confident predictions on test data.", 
        "10": "To alleviate overfitting RNNs, good regularization is known as a key factor to successful applications.", 
        "11": "In the neural network literature, Bayesian learning has been proposed as a principled method to impose regularization and incorporate model uncertainty (MacKay, 1992; Neal, 1995), by imposing prior distributions on model parameters.", 
        "12": "Due to the intractability of posterior distributions in neural networks, Hamiltonian Monte Carlo (HMC) (Neal, 1995) has been used to provide sample-based approximations to the true posterior.", 
        "13": "Despite the elegant theoretical property of asymptotic convergence to the true posterior, HMC and other conventional Markov Chain Monte Carlo methods are not scalable to large training sets.", 
        "14": "This paper seeks to scale up Bayesian learning of RNNs to meet the challenge of the increasing amount of \u201cbig\u201d sequential data in natural language processing, leveraging recent advances in stochastic gradient Markov Chain Monte Carlo (SG-MCMC) algorithms (Welling and Teh, 2011; Chen et al., 2014; Ding et al., 2014; Li et al., 2016a,b).", 
        "15": "Specifically, instead of training a single network, SG-MCMC is employed to train an ensemble of networks, where each network has its parameters drawn from a shared posterior distribution.", 
        "16": "This is implemented by adding additional\n321\ngradient noise during training and utilizing model averaging when testing.", 
        "17": "This simple procedure has the following salutary properties for training neural networks: (i) When training, the injected noise encourages model-parameter trajectories to better explore the parameter space.", 
        "18": "This procedure was also empirically found effective in Neelakantan et al.", 
        "19": "(2016).", 
        "20": "(ii) Model averaging when testing alleviates overfitting and hence improves generalization, transferring uncertainty in the learned model parameters to subsequent prediction.", 
        "21": "(iii) In theory, both asymptotic and non-asymptotic consistency properties of SG-MCMC methods in posterior estimation have been recently established to guarantee convergence (Chen et al., 2015a; Teh et al., 2016).", 
        "22": "(iv) SG-MCMC is scalable; it shares the same level of computational cost as SGD in training, by only requiring the evaluation of gradients on a small mini-batch.", 
        "23": "To the authors\u2019 knowledge, RNN training using SG-MCMC has not been investigated previously, and is a contribution of this paper.", 
        "24": "We also perform extensive experiments on several natural language processing tasks, demonstrating the effectiveness of SG-MCMC for RNNs, including character/word-level language modeling, image captioning and sentence classification.", 
        "25": "2 Related Work  Several scalable Bayesian learning methods have been proposed recently for neural networks.", 
        "26": "These come in two broad categories: stochastic variational inference (Graves, 2011; Blundell et al., 2015; Herna\u0301ndez-Lobato and Adams, 2015) and\nSG-MCMC methods (Korattikara et al., 2015; Li et al., 2016a).", 
        "27": "While prior work focuses on feed-forward neural networks, there has been little if any research reported for RNNs using SGMCMC.", 
        "28": "Dropout (Hinton et al., 2012; Srivastava et al., 2014) is a commonly used regularization method for training neural networks.", 
        "29": "Recently, several works have studied how to apply dropout to RNNs (Pachitariu and Sahani, 2013; Bayer et al., 2013; Pham et al., 2014; Zaremba et al., 2014; Bluche et al., 2015; Moon et al., 2015; Semeniuta et al., 2016; Gal and Ghahramani, 2016b).", 
        "30": "Among them, naive dropout (Zaremba et al., 2014) can impose weight uncertainty only on encoding weights (those that connect input to hidden units) and decoding weights (those that connect hidden units to output), but not the recurrent weights (those that connect consecutive hidden states).", 
        "31": "It has been concluded that noise added in the recurrent connections leads to model instabilities, hence disrupting the RNN\u2019s ability to model sequences.", 
        "32": "Dropout has been recently shown to be a variational approximation technique in Bayesian learning (Gal and Ghahramani, 2016a; Kingma et al., 2015).", 
        "33": "Based on this, (Gal and Ghahramani, 2016b) proposed a new variant of dropout that can be successfully applied to recurrent layers, where the same dropout masks are shared along time for encoding, decoding and recurrent weights, respectively.", 
        "34": "Alternatively, we focus on SG-MCMC, which can be viewed as the Bayesian interpretation of dropout from the perspective of posterior sampling (Li et al., 2016c); this also allows imposition of model uncertainty on recurrent layers, enhancing performance.", 
        "35": "A comparison of naive dropout and SG-MCMC is illustrated in Fig.", 
        "36": "1.", 
        "37": "3 Recurrent Neural Networks    3.1 RNN as Bayesian Predictive Models  Consider data D = {D1, \u00b7 \u00b7 \u00b7 ,DN}, where Dn , (Xn,Yn), with input Xn and output Yn.", 
        "38": "Our goal is to learn model parameters \u03b8 to best characterize the relationship from Xn to Yn, with corresponding data likelihood p(D|\u03b8) =\u220fN n=1 p(Dn|\u03b8).", 
        "39": "In Bayesian statistics, one sets a prior on \u03b8 via distribution p(\u03b8).", 
        "40": "The posterior p(\u03b8|D) \u221d p(\u03b8)p(D|\u03b8) reflects the belief concerning the model parameter distribution after observing the data.", 
        "41": "Given a test input X\u0303 (with missing output Y\u0303), the uncertainty learned in training\nis transferred to prediction, yielding the posterior predictive distribution:\np(Y\u0303|X\u0303,D)= \u222b\n\u03b8 p(Y\u0303|X\u0303,\u03b8)p(\u03b8|D)d\u03b8 .", 
        "42": "(1)\nWhen the input is a sequence, RNNs may be used to parameterize the input-output relationship.", 
        "43": "Specifically, consider input sequence X = {x1, .", 
        "44": ".", 
        "45": ".", 
        "46": ",xT }, where xt is the input data vector at time t. There is a corresponding hidden state vector ht at each time t, obtained by recursively applying the transition function ht = H(ht\u22121,xt) (specified in Section 3.2; see Fig.", 
        "47": "1).", 
        "48": "The output Y differs depending on the application: a sequence {y1, .", 
        "49": ".", 
        "50": ".", 
        "51": ",yT } in language modeling or a discrete label in sentence classification.", 
        "52": "In RNNs the corresponding decoding function is p(y|h), described in Section 3.3.", 
        "53": "3.2 RNN Architectures  The transition function H(\u00b7) can be implemented with a gated activation function, such as Long Short-Term Memory (LSTM) (Hochreiter and Schmidhuber, 1997) or a Gated Recurrent Unit (GRU) (Cho et al., 2014).", 
        "54": "Both the LSTM and GRU have been proposed to address the issue of learning long-term sequential dependencies.", 
        "55": "Long Short-Term Memory The LSTM architecture addresses the problem of learning longterm dependencies by introducing a memory cell, that is able to preserve the state over long periods of time.", 
        "56": "Specifically, each LSTM unit has a cell containing a state ct at time t. This cell can be viewed as a memory unit.", 
        "57": "Reading or writing the cell is controlled through sigmoid gates: input gate it, forget gate ft, and output gate ot.", 
        "58": "The hidden units ht are updated as\nit = \u03c3(Wixt +Uiht\u22121 + bi) ,\nft = \u03c3(Wfxt +Ufht\u22121 + bf ) ,\not = \u03c3(Woxt +Uoht\u22121 + bo) ,\nc\u0303t = tanh(Wcxt +Ucht\u22121 + bc) ,\nct = ft ct\u22121 + it c\u0303t , ht = ot tanh(ct) ,\nwhere \u03c3(\u00b7) denotes the logistic sigmoid function, and represents the element-wise matrix multiplication operator.", 
        "59": "W{i,f,o,c} are encoding weights, and U{i,f,o,c} are recurrent weights, as shown in Fig.", 
        "60": "1. b{i,f,o,c} are bias terms.", 
        "61": "Variants Similar to the LSTM unit, the GRU also has gating units that modulate the flow of information inside the hidden unit.", 
        "62": "It has been shown that a GRU can achieve similar performance to an LSTM in sequence modeling (Chung et al., 2014).", 
        "63": "We specify the GRU in the Supplementary Material.", 
        "64": "The LSTM can be extended to the bidirectional LSTM and multilayer LSTM.", 
        "65": "A bidirectional LSTM consists of two LSTMs that are run in parallel: one on the input sequence and the other on the reverse of the input sequence.", 
        "66": "At each time step, the hidden state of the bidirectional LSTM is the concatenation of the forward and backward hidden states.", 
        "67": "In multilayer LSTMs, the hidden state of an LSTM unit in layer ` is used as input to the LSTM unit in layer ` + 1 at the same time step (Graves, 2013).", 
        "68": "3.3 Applications  The proposed Bayesian framework can be applied to any RNN model; we focus on the following tasks to demonstrate the ideas.", 
        "69": "Language Modeling In word-level language modeling, the input to the network is a sequence of words, and the network is trained to predict the next word in the sequence with a softmax classifier.", 
        "70": "Specifically, for a length-T sequence, denote yt = xt+1 for t = 1, .", 
        "71": ".", 
        "72": ".", 
        "73": ", T \u2212 1. x1 and yT are always set to a special START and END token, respectively.", 
        "74": "At each time t, there is a decoding function p(yt|ht) = softmax(Vht) to compute the distribution over words, where V are the decoding weights (the number of rows of V corresponds to the number of words/characters).", 
        "75": "We also extend this basic language model to consider other applications: (i) a character-level language model can be specified in a similar manner by replacing words with characters (Karpathy et al., 2016).", 
        "76": "(ii) Image captioning can be considered as a conditional language modeling problem, in which we learn a generative language model of the caption conditioned on an image (Vinyals et al., 2015; Gan et al., 2017).", 
        "77": "Sentence Classification Sentence classification aims to assign a semantic category label y to a whole sentence X.", 
        "78": "This is usually implemented through applying the decoding function once at the end of sequence: p(y|hT ) = softmax(VhT ), where the final hidden state of a RNN hT is often considered as the summary of the sentence (here\nthe number of rows of V corresponds to the number of classes).", 
        "79": "4 Scalable Learning with SG-MCMC    4.1 The Pitfall of Stochastic Optimization  Typically there is no closed-form solution for the posterior p(\u03b8|D), and traditional Markov Chain Monte Carlo (MCMC) methods (Neal, 1995) scale poorly for largeN .", 
        "80": "To ease the computational burden, stochastic optimization is often employed to find the MAP solution.", 
        "81": "This is equivalent to minimizing an objective of regularized loss function U(\u03b8) that corresponds to a (non-convex) model of interest: \u03b8MAP = argminU(\u03b8), U(\u03b8) = \u2212 log p(\u03b8|D).", 
        "82": "The expectation in (1) is approximated as:\np(Y\u0303|X\u0303,D)= p(Y\u0303|X\u0303,\u03b8MAP) .", 
        "83": "(2)\nThough simple and effective, this procedure largely loses the benefit of the Bayesian approach, because the uncertainty on weights is ignored.", 
        "84": "To more accurately approximate (1), we employ stochastic gradient (SG) MCMC (Welling and Teh, 2011).", 
        "85": "4.2 Large-scale Bayesian Learning  The negative log-posterior is\nU(\u03b8) , \u2212 log p(\u03b8)\u2212 N\u2211\nn=1\nlog p(Dn|\u03b8).", 
        "86": "(3)\nIn optimization,E = \u2212\u2211Nn=1 log p(Dn|\u03b8) is typically referred to as the loss function, and R \u221d \u2212 log p(\u03b8) as a regularizer.", 
        "87": "For large N , stochastic approximations are often employed:\nU\u0303t(\u03b8),\u2212 log p(\u03b8)\u2212 N\nM\nM\u2211\nm=1\nlog p(Dim |\u03b8), (4)\nwhere Sm = {i1, \u00b7 \u00b7 \u00b7 , iM} is a random subset of the set {1, 2, \u00b7 \u00b7 \u00b7 , N}, with M N .", 
        "88": "The gradient on this mini-batch is denoted as f\u0303t = \u2207U\u0303t(\u03b8), which is an unbiased estimate of the true gradient.", 
        "89": "The evaluation of (4) is cheap even when N is large, allowing one to efficiently collect a sufficient number of samples in large-scale Bayesian learning, {\u03b8s}Ss=1, where S is the number of samples (this will be specified later).", 
        "90": "These samples are used to construct a sample-based estimation to the expectation in (1):\nThe finite-time estimation errors of SG-MCMC methods are bounded (Chen et al., 2015a), which guarantees (5) is an unbiased estimate of (1) asymptotically under appropriate decreasing stepsizes.", 
        "91": "4.3 SG-MCMC Algorithms  SG-MCMC and stochastic optimization are parallel lines of work, designed for different purposes; their relationship has recently been revealed in the context of deep learning.", 
        "92": "The most basic SG-MCMC algorithm has been applied to Langevin dynamics, and is termed SGLD (Welling and Teh, 2011).", 
        "93": "To help convergence, a momentum term has been introduced in SGHMC (Chen et al., 2014), a \u201cthermostat\u201d has been devised in SGNHT (Ding et al., 2014; Gan et al., 2015) and preconditioners have been employed in pSGLD (Li et al., 2016a).", 
        "94": "These SG-MCMC algorithms often share similar characteristics with their counterpart approaches from the optimization literature such as the momentum SGD, Santa (Chen et al., 2016) and RMSprop/Adagrad (Tieleman and Hinton, 2012; Duchi et al., 2011).", 
        "95": "The interrelationships between SG-MCMC and optimizationbased approaches are summarized in Table 1.", 
        "96": "SGLD Stochastic Gradient Langevin Dynamics (SGLD) (Welling and Teh, 2011) draws posterior samples, with updates\n\u03b8t = \u03b8t\u22121 \u2212 \u03b7tf\u0303t\u22121 + \u221a 2\u03b7t\u03bet , (6)\nwhere \u03b7t is the learning rate, and \u03bet \u223c N (0, Ip) is a standard Gaussian random vector.", 
        "97": "SGLD is the SG-MCMC analog to stochastic gradient descent (SGD), whose parameter updates are given by:\n\u03b8t = \u03b8t\u22121 \u2212 \u03b7tf\u0303t\u22121 .", 
        "98": "(7)\nAlgorithm 1: pSGLD Input: Default hyperparameter settings:\n\u03b7t = 1\u00d710\u22123, \u03bb = 10\u22128, \u03b21 = 0.99.", 
        "99": "Initialize: v0 \u2190 0, \u03b81 \u223c N (0, I) ; for t = 1, 2, .", 
        "100": ".", 
        "101": ".", 
        "102": ", T do\n% Estimate gradient from minibatch St f\u0303t = \u2207U\u0303t(\u03b8); % Preconditioning vt \u2190 \u03b21vt\u22121 + (1\u2212 \u03b21)f\u0303t f\u0303t; G\u22121t \u2190 diag ( 1 ( \u03bb1+ v 1 2 t )) ;\n% Parameter update \u03bet \u223c N (0, \u03b7tG\u22121t ); \u03b8t+1\u2190 \u03b8t + \u03b7t2 G\u22121t f\u0303t+ \u03bet;\nend\nSGD is guaranteed to converge to a local minimum under mild conditions (Bottou, 2010).", 
        "103": "The additional Gaussian term in SGLD helps the learning trajectory to explore the parameter space to approximate posterior samples, instead of obtaining a local minimum.", 
        "104": "pSGLD Preconditioned SGLD (pSGLD) (Li et al., 2016a) was proposed recently to improve the mixing of SGLD.", 
        "105": "It utilizes magnitudes of recent gradients to construct a diagonal preconditioner to approximate the Fisher information matrix, and thus adjusts to the local geometry of parameter space by equalizing the gradients so that a constant stepsize is adequate for all dimensions.", 
        "106": "This is important for RNNs, whose parameter space often exhibits pathological curvature and saddle points (Pascanu et al., 2013), resulting in slow mixing.", 
        "107": "There are multiple choices of preconditioners; similar ideas in optimization include Adagrad (Duchi et al., 2011), Adam (Kingma and Ba, 2015) and RMSprop (Tieleman and Hinton, 2012).", 
        "108": "An efficient version of pSGLD, adopting RMSprop as the preconditioner G, is summarized in Algorithm 1, where denotes elementwise matrix division.", 
        "109": "When the preconditioner is fixed as the identity matrix, the method reduces to SGLD.", 
        "110": "4.4 Understanding SG-MCMC  To further understand SG-MCMC, we show its close connection to dropout/dropConnect (Srivastava et al., 2014; Wan et al., 2013).", 
        "111": "These methods improve the generalization ability of deep models, by randomly adding binary/Gaussian noise to the\nlocal units or global weights.", 
        "112": "For neural networks with the nonlinear function q(\u00b7) and consecutive layers h1 and h2, dropout and dropConnect are denoted as:\nDropout: h2 = \u03be0 q(\u03b8h1), DropConnect: h2 = q((\u03be0 \u03b8)h1),\nwhere the injected noise \u03be0 can be binary-valued with dropping rate p or its equivalent Gaussian form (Wang and Manning, 2013):\nBinary noise: \u03be0 \u223c Ber(p), Gaussian noise: \u03be0 \u223c N (1, p\n1\u2212 p).", 
        "113": "Note that \u03be0 is defined as a vector for dropout, and a matrix for dropConnect.", 
        "114": "By combining dropConnect and Gaussian noise from the above, we have the update rule (Li et al., 2016c):\n\u03b8t+1 = \u03be0 \u03b8t \u2212 \u03b7\n2 f\u0303t = \u03b8t \u2212\n\u03b7 2 f\u0303t + \u03be \u2032 0 , (8)\nwhere \u03be\u20320 \u223c N ( 0, p(1\u2212p)diag(\u03b8 2 t ) )\n; (8) shows that dropout/ dropConnect and SGLD in (6) share the same form of update rule, with the distinction being that the level of injected noise is different.", 
        "115": "In practice, the noise injected by SGLD may not be enough.", 
        "116": "A better way that we find to improve the performance is to jointly apply SGLD and dropout.", 
        "117": "This method can be interpreted as using SGLD to sample the posterior distribution of a mixture of RNNs, with mixture probability controlled by the dropout rate.", 
        "118": "5 Experiments  We present results on several tasks, including character/word-level language modeling, image captioning, and sentence classification.", 
        "119": "We do not perform any dataset-specific tuning other than early stopping on validation sets.", 
        "120": "When dropout is utilized, the dropout rate is set to 0.5.", 
        "121": "All experiments are implemented in Theano (Theano Development Team, 2016), using a NVIDIA GeForce GTX TITAN X GPU with 12GB memory.", 
        "122": "The hyper-parameters for the proposed algorithm include step size, minibatch size, thinning interval, number of burn-in epochs and variance of the Gaussian priors.", 
        "123": "We list the specific values used in our experiments in Table 2.", 
        "124": "The explanation of these hyperparameters, the initialization of model parameters and model specifications on each dataset are provided in the Supplementary Material.", 
        "125": "5.1 Language Modeling  We first test character-level and word-level language modeling.", 
        "126": "The setup is as follows.", 
        "127": "\u2022 Following Karpathy et al.", 
        "128": "(2016), we test character-level language modeling on the War and Peace (WP) novel.", 
        "129": "The training/validation/test sets contain 260/32/33 batches, in which there are 100 characters.", 
        "130": "The vocabulary size is 87, and we consider a 2-hidden-layer RNN of dimension 128.", 
        "131": "\u2022 The Penn Treebank (PTB) corpus (Marcus\net al., 1993) is used for word-level language modeling.", 
        "132": "The dataset adopts the standard split (929K training words, 73K validation words, and 82K test words) and has a vocabulary of size 10K.", 
        "133": "We train LSTMs of three sizes; these are denoted the small/medium/large LSTM.", 
        "134": "All LSTMs have two layers and are unrolled for 20 steps.", 
        "135": "The small, medium and large LSTM has 200, 650 and 1500 units per layer, respectively.", 
        "136": "We consider two types of training schemes on PTB corpus: (i) Successive minibatches: Following Zaremba et al.", 
        "137": "(2014), the final hidden states of the current minibatch are used as the initial hidden states of the subsequent minibatch (successive minibatches sequentially traverse the training set).", 
        "138": "(ii) Random minibatches: The initial hidden states of each minibatch are set to zero vectors, hence we can randomly sample minibatches in each update.", 
        "139": "We study the effects of different types of architecture (LSTM/GRU/Vanilla RNN (Karpathy et al., 2016)) on the WP dataset, and effects of different learning algorithms on the PTB dataset.", 
        "140": "The comparison of test cross-entropy loss on WP is shown in Table 3.", 
        "141": "We observe that pSGLD consistently outperforms RMSprop.", 
        "142": "Table 4 summarizes the test set performance on PTB1.", 
        "143": "It is clear\n1The results reported here do not match Zaremba et al.", 
        "144": "(2014) due to the implementation details.", 
        "145": "However, we pro-\nthat our sampling-based method consistently outperforms the optimization counterpart, where the performance gain mainly comes from adding gradient noise and model averaging.", 
        "146": "When compared with dropout, SGLD performs better on the small LSTM model, but worse on the medium and large LSTM model.", 
        "147": "This may imply that dropout is suitable to regularizing large networks, while SGLD exhibits better regularization ability on small networks, partially due to the fact that dropout may inject a higher level of noise during training than SGLD.", 
        "148": "In order to inject a higher level of noise into SGLD, we empirically apply SGLD and dropout jointly, and found that this provided the best performace on the medium and large LSTM model.", 
        "149": "We study three strategies to do model averaging, i.e., forward collection, backward collection and thinned collection.", 
        "150": "Given samples (\u03b81, \u00b7 \u00b7 \u00b7 ,\u03b8K) and the number of samples S used for averaging, forward collection refers to using (\u03b81, \u00b7 \u00b7 \u00b7 ,\u03b8S) for the evaluation of a test function, backward collection refers to using (\u03b8K\u2212S+1, \u00b7 \u00b7 \u00b7 ,\u03b8K), while thinned collection chooses samples from \u03b81 to \u03b8K with interval K/S.", 
        "151": "Fig.", 
        "152": "2 plots the effects of these strategies, where Fig.", 
        "153": "2(a) plots the perplexity of every single sample, Fig.", 
        "154": "2(b) plots the perplexities using the three schemes.", 
        "155": "Only after 20\nvide a fair comparison to all methods.", 
        "156": "samples is a converged perplexity achieved in the thinned collection, while it requires 30 samples for forward collection or 60 samples for backward collection.", 
        "157": "This is unsurprising, because thinned collection provides a better way to select samples.", 
        "158": "Nevertheless, averaging of samples provides significantly lower perplexity than using single samples.", 
        "159": "Note that the overfitting problem in Fig.", 
        "160": "2(a) is also alleviated by model averaging.", 
        "161": "To better illustrate the benefit of model averaging, we visualize in Fig.", 
        "162": "3 the probabilities of each word in a randomly chosen test sentence.", 
        "163": "The first 3 rows are the results predicted by 3 distinctive model samples, respectively; the bottom row is the result after averaging.", 
        "164": "Their corresponding perplexities for the test sentence are also shown on the right of each row.", 
        "165": "The 3 individual samples provide reasonable probabilities.", 
        "166": "For example, the consecutive words \u201cNew York\u201d, \u201cstock exchange\u201d and \u201cdid not\u201d are assigned with a higher probability.", 
        "167": "After averaging, we can see a much lower perplexity, as the samples can complement each other.", 
        "168": "For example, though the second sample can yield the lowest single-model perplexity, its prediction on word \u201cYork\u201d is still benefited from the other two via averaging.", 
        "169": "5.2 Image Caption Generation  We next consider the problem of image caption generation, which is a conditional RNN model, where image features are extracted by residual network (He et al., 2016), and then fed into the RNN to generate the caption.", 
        "170": "We present results on two benchmark datasets, Flickr8k (Hodosh et al., 2013) and Flickr30k (Young et al., 2014).", 
        "171": "These\n25.55the new york stock exchange did not fall apart 22.24the new york stock exchange did not fall apart 29.83the new york stock exchange did not fall apart\n21.98the new york stock exchange did not fall apart 0\n0.2\n0.4\n0.6\n0.8\nFigure 3: Predictive probabilities obtained by 3 samples and their average.", 
        "172": "Colors indicate normalized probability of each word.", 
        "173": "Best viewed in color.", 
        "174": "a\"tan\"dog\"is\"playing\"in\"the\"grass a\"tan\"dog\"is\"playing\"with\"a\"red\"ball\"in\"the\"grass a\"tan\"dog\"with\"a\"red\"collar\"is\"running\"in\"the\"grass\na\"yellow\"dog\"runs\"through\"the\"grass a\"yellow\"dog\"is\"running\"through\"the\"grass a\"brown\"dog\"is\"running\"through\"the\"grass\na\"group\"of\"people\"stand\"in\"front\"of\"a\"building a\"group\"of\"people\"stand\"in\"front\"of\"a\"white\"building a\"group\"of\"people\"stand\"in\"front\"of\"a\"large\"building\na\"man\"and\"a\"woman\"walking\"on\"a\"sidewalk a\"man\"and\"a\"woman\"stand\"on\"a\"balcony a\"man\"and\"a\"woman\"standing\"on\"the\"ground\nFigure 4: Image captioning with different samples.", 
        "175": "Left are the given images, right are the corresponding captions.", 
        "176": "The captions in each box are from the same model sample.", 
        "177": "datasets contain 8,000 and 31,000 images, respectively.", 
        "178": "Each image is annotated with 5 sentences.", 
        "179": "A single-layer LSTM is employed with the number of hidden units set to 512.", 
        "180": "The widely used BLEU (Papineni et al., 2002), METEOR (Banerjee and Lavie, 2005), ROUGEL (Lin, 2004), and CIDEr-D (Vedantam et al., 2015) metrics are used to evaluate the performance.", 
        "181": "All the metrics are computed by using the code released by the COCO evaluation server (Chen et al., 2015b).", 
        "182": "Table 5 presents results for pSGLD/RMSprop\nTable 5: Performance on Flickr8k & Flickr30k: BLEU\u2019s, METEOR, CIDEr, ROUGE-L and perplexity.", 
        "183": "Methods B-1 B-2 B-3 B-4 METEOR CIDEr ROUGE-L Perp.", 
        "184": "Results on Flickr8k RMSprop 0.640 0.427 0.288 0.197 0.205 0.476 0.500 16.64 RMSprop + Dropout 0.647 0.444 0.305 0.209 0.208 0.514 0.510 15.72 RMSprop + Gal\u2019s Dropout 0.651 0.443 0.305 0.209 0.206 0.501 0.509 14.70 pSGLD 0.669 0.463 0.321 0.224 0.214 0.535 0.522 14.29 pSGLD + Dropout 0.656 0.450 0.309 0.211 0.209 0.512 0.512 14.26 Results on Flickr30k RMSprop 0.644 0.422 0.279 0.184 0.180 0.372 0.476 17.80 RMSprop + Dropout 0.656 0.435 0.295 0.200 0.185 0.396 0.481 18.05 RMSprop + Gal\u2019s Dropout 0.636 0.429 0.290 0.197 0.190 0.408 0.480 17.27 pSGLD 0.657 0.438 0.300 0.206 0.192 0.421 0.490 15.61 pSGLD + Dropout 0.666 0.448 0.308 0.209 0.189 0.419 0.487 17.05\nwith or without dropout.", 
        "185": "In addition to (naive) dropout, we further compare pSGLD with the Gal\u2019s dropout, recently proposed in Gal and Ghahramani (2016b), which is shown to be applicable to recurrent layers.", 
        "186": "Consistent with the results in the basic language modeling, pSGLD yields improved performance compared to RMSprop.", 
        "187": "For example, pSGLD provides 2.7 BLEU-4 score improvement over RMSprop on the Flickr8k dataset.", 
        "188": "By comparing pSGLD with RMSprop with dropout, we conclude that pSGLD exhibits better regularization ability than dropout on these two datasets.", 
        "189": "Apart from modeling weight uncertainty, different samples from our algorithm may capture different aspects of the input image.", 
        "190": "An example with two images is shown in Fig.", 
        "191": "4, where 2 randomly chosen model samples are considered for each image.", 
        "192": "For each model sample, the top 3 generated captions are presented.", 
        "193": "We use the beam search approach (Vinyals et al., 2015) to generate captions, with a beam of size 5.", 
        "194": "In Fig.", 
        "195": "4, the two samples for the first image mainly differ in the color and activity of the dog, e.g., \u201ctan\u201d or \u201cyellow\u201d, \u201cplaying\u201d or \u201crunning\u201d, whereas for the second image, the two samples reflect different understanding of the image content.", 
        "196": "5.3 Sentence Classification  We study the task of sentence classification on 5 datasets as in Kiros et al.", 
        "197": "(2015): MR (Pang and Lee, 2005), CR (Hu and Liu, 2004), SUBJ (Pang and Lee, 2004), MPQA (Wiebe et al., 2005) and TREC (Li and Roth, 2002).", 
        "198": "A single-layer bidirectional LSTM is employed with the number of hidden units set to 400.", 
        "199": "Table 6 shows the test-\n5 10 15 #Epoch\n0.00\n0.05\n0.10\n0.15\n0.20\n0.25\nEr ro\nr\nTrain RMSprop RMSprop + Dropout pSGLD pSGLD + Dropout\n5 10 15 #Epoch\n0.10\n0.12\n0.14\n0.16\n0.18\n0.20\n0.22\n0.24\n0.26\nEr ro\nr\nValidation\n5 10 15 #Epoch\n0.10\n0.15\n0.20\nEr ro\nr\nTest\nFigure 5: Learning curves on TREC dataset.", 
        "200": "ing classification errors.", 
        "201": "10-fold cross-validation is used for evaluation on the first 4 datasets, while TREC has a pre-defined training/test split, and we run each algorithm 10 times on TREC.", 
        "202": "The combination of pSGLD and dropout consistently provides the lowest errors.", 
        "203": "In the following, we focus on the analysis of TREC.", 
        "204": "Each sentence of TREC is a question, and the goal is to decide which topic type the question is most related to: location, human, numeric, abbreviation, entity or description.", 
        "205": "Fig.", 
        "206": "5 plots the learning curves of different algorithms on the training, validation and testing sets of the TREC dataset.", 
        "207": "pSGLD and dropout have similar behavior: they explore the parameter space during learning, and thus coverge slower than RMSprop on the training dataset.", 
        "208": "However, the learned uncertainty alleviates overfitting and results in lower errors on the validation and testing datasets.", 
        "209": "To further study the Bayesian nature of the proposed approach, in Fig.", 
        "210": "6 we choose two testing sentences with high uncertainty (i.e., standard derivation in prediction) from the TREC dataset.", 
        "211": "Interestingly, after embedding to 2d-space with tSNE (Van der Maaten and Hinton, 2008), the two\nTable 6: Sentence classification errors on five benchmark datasets.", 
        "212": "Methods MR CR SUBJ MPQA TREC RMSprop 21.86\u00b11.19 20.20\u00b11.35 8.13\u00b11.19 10.60\u00b11.28 8.14\u00b10.63 RMSprop + Dropout 20.52\u00b10.99 19.57\u00b11.79 7.24\u00b10.86 10.66\u00b10.74 7.48\u00b10.47 RMSprop + Gal\u2019s Dropout 20.22\u00b11.12 19.29\u00b11.93 7.52\u00b11.17 10.59\u00b11.12 7.34\u00b10.66 pSGLD 20.36\u00b10.85 18.72\u00b11.28 7.00\u00b10.89 10.54\u00b10.99 7.48\u00b10.82 pSGLD + Dropout 19.33\u00b11.10 18.18\u00b11.32 6.61\u00b11.06 10.22\u00b10.89 6.88\u00b10.65\nsentences correspond to points lying on the boundary of different classes.", 
        "213": "We use 20 model samples to estimate the prediction mean and standard derivation on the true type and predicted type.", 
        "214": "The classifier yields higher probability on the wrong types, associated with higher standard derivations.", 
        "215": "One can leverage the uncertainty information to make decisions: either manually make a human judgement when uncertainty is high, or automatically choose the one with lower standard derivations when both types exhibits similar prediction means.", 
        "216": "A more rigorous usage of the uncertainty information is left as future work.", 
        "217": "5.4 Discussion  Ablation Study We investigate the effectivenss of each module in the proposed algorithm in Table 7 on two datasets: TREC and PTB.", 
        "218": "The small network size is used on PTB.", 
        "219": "Let M1 denote only gradient noise, and M2 denote only model averaging.", 
        "220": "As can be seen, The last sample in pSGLD (M1) does not necessarily bring better results than RMSprop, but the model averaging over the samples of pSGLD indeed provide better results than model averaging of RMSprop (M2).", 
        "221": "This indicates that both gradient noise and model averaging are crucial for good performance in pSGLD.", 
        "222": "Running Time We report the training and testing time for image captioning on the Flickr30k dataset in Table 8.", 
        "223": "For pSGLD, the extra cost in training comes from adding gradient noise, and the extra cost in testing comes from model averaging.", 
        "224": "However, the cost in model averaging can be alleviated via the distillation methods: learning a single neural network that approximates the results of either a large model or an ensemble of models (Korattikara et al., 2015; Kim and Rush, 2016; Kuncoro et al., 2016).", 
        "225": "The idea can be incorporated with our SG-MCMC technique to achieve the same goal, which we leave for our future work.", 
        "226": "6 Conclusion  We propose a scalable Bayesian learning framework using SG-MCMC, to model weight uncertainty in recurrent neural networks.", 
        "227": "The learning framework is tested on several tasks, including language models, image caption generation and sentence classification.", 
        "228": "Our algorithm outperforms stochastic optimization algorithms, indicating the importance of learning weight uncertainty in recurrent neural networks.", 
        "229": "Our algorithm requires little additional computational overhead in training, and multiple times of forward-passing for model averaging in testing.", 
        "230": "Acknowledgments This research was supported by ARO, DARPA, DOE, NGA, ONR and NSF.", 
        "231": "We acknowledge Wenlin Wang for the code on language modeling experiment."
    }, 
    "document_id": "P17-1030.pdf.json"
}
