{
    "abstract_sentences": {
        "1": "Video captioning, the task of describing the content of a video, has seen some promising improvements in recent years with sequence-to-sequence models, but accurately learning the temporal and logical dynamics involved in the task still remains a challenge, especially given the lack of sufficient annotated data.", 
        "2": "We improve video captioning by sharing knowledge with two related directed-generation tasks: a temporally-directed unsupervised video prediction task to learn richer context-aware video encoder representations, and a logically-directed language entailment generation task to learn better video-entailing caption decoder representations.", 
        "3": "For this, we present a many-to-many multi-task learning model that shares parameters across the encoders and decoders of the three tasks.", 
        "4": "We achieve significant improvements and the new state-of-the-art on several standard video captioning datasets using diverse automatic and human evaluations.", 
        "5": "We also show mutual multi-task improvements on the entailment generation task."
    }, 
    "body_sentences": {
        "1": "  Proceedings of the 55th Annual Meeting of the Association for Computational Linguistics, pages 1273\u20131283 Vancouver, Canada, July 30 - August 4, 2017. c\u00a92017 Association for Computational Linguistics\nhttps://doi.org/10.18653/v1/P17-1117  1 Introduction  Video captioning is the task of automatically generating a natural language description of the content of a video, as shown in Fig.", 
        "2": "1.", 
        "3": "It has various applications such as assistance to a visually impaired person and improving the quality of online video search or retrieval.", 
        "4": "This task has gained recent momentum in the natural language processing and computer vision communities, esp.", 
        "5": "with the advent of powerful image processing features as well as sequence-to-sequence LSTM models.", 
        "6": "It\nis also a step forward from static image captioning, because in addition to modeling the spatial visual features, the model also needs to learn the temporal across-frame action dynamics and the logical storyline language dynamics.", 
        "7": "Previous work in video captioning (Venugopalan et al., 2015a; Pan et al., 2016b) has shown that recurrent neural networks (RNNs) are a good choice for modeling the temporal information in the video.", 
        "8": "A sequence-to-sequence model is then used to \u2018translate\u2019 the video to a caption.", 
        "9": "Venugopalan et al.", 
        "10": "(2016) showed linguistic improvements over this by fusing the decoder with external language models.", 
        "11": "Furthermore, an attention mechanism between the video frames and the caption words captures some of the temporal matching relations better (Yao et al., 2015; Pan et al., 2016a).", 
        "12": "More recently, hierarchical two-level RNNs were proposed to allow for longer inputs and to model the full paragraph caption dynamics of long video clips (Pan et al., 2016a; Yu et al., 2016).", 
        "13": "Despite these recent improvements, video captioning models still suffer from the lack of sufficient temporal and logical supervision to be able to correctly capture the action sequence and storydynamic language in videos, esp.", 
        "14": "in the case of short clips.", 
        "15": "Hence, they would benefit from incorporating such complementary directed knowledge, both visual and textual.", 
        "16": "We address this by jointly training the task of video captioning with two related directed-generation tasks: a temporally-\n1273\ndirected unsupervised video prediction task and a logically-directed language entailment generation task.", 
        "17": "We model this via many-to-many multi-task learning based sequence-to-sequence models (Luong et al., 2016) that allow the sharing of parameters among the encoders and decoders across the three different tasks, with additional shareable attention mechanisms.", 
        "18": "The unsupervised video prediction task, i.e., video-to-video generation (adapted from Srivastava et al.", 
        "19": "(2015)), shares its encoder with the video captioning task\u2019s encoder, and helps it learn richer video representations that can predict their temporal context and action sequence.", 
        "20": "The entailment generation task, i.e., premise-to-entailment generation (based on the image caption domain SNLI corpus (Bowman et al., 2015)), shares its decoder with the video captioning decoder, and helps it learn better video-entailing caption representations, since the caption is essentially an entailment of the video, i.e., it describes subsets of objects and events that are logically implied by or follow from the full video content).", 
        "21": "The overall many-tomany multi-task model combines all three tasks.", 
        "22": "Our three novel multi-task models show statistically significant improvements over the state-ofthe-art, and achieve the best-reported results (and rank) on multiple datasets, based on several automatic and human evaluations.", 
        "23": "We also demonstrate that video captioning, in turn, gives mutual improvements on the new multi-reference entailment generation task.", 
        "24": "2 Related Work  Early video captioning work (Guadarrama et al., 2013; Thomason et al., 2014; Huang et al., 2013) used a two-stage pipeline to first extract a subject, verb, and object (S,V,O) triple and then generate a sentence based on it.", 
        "25": "Venugopalan et al.", 
        "26": "(2015b) fed mean-pooled static frame-level visual features (from convolution neural networks pre-trained on image recognition) of the video as input to the language decoder.", 
        "27": "To harness the important frame sequence temporal ordering, Venugopalan et al.", 
        "28": "(2015a) proposed a sequence-to-sequence model with video encoder and language decoder RNNs.", 
        "29": "More recently, Venugopalan et al.", 
        "30": "(2016) explored linguistic improvements to the caption decoder by fusing it with external language models.", 
        "31": "Moreover, an attention or alignment mechanism was added between the encoder and the decoder\nto learn the temporal relations (matching) between the video frames and the caption words (Yao et al., 2015; Pan et al., 2016a).", 
        "32": "In contrast to static visual features, Yao et al.", 
        "33": "(2015) also considered temporal video features from a 3D-CNN model pretrained on an action recognition task.", 
        "34": "To explore long range temporal relations, Pan et al.", 
        "35": "(2016a) proposed a two-level hierarchical RNN encoder which limits the length of input information and allows temporal transitions between segments.", 
        "36": "Yu et al.", 
        "37": "(2016)\u2019s hierarchical RNN generates sentences at the first level and the second level captures inter-sentence dependencies in a paragraph.", 
        "38": "Pan et al.", 
        "39": "(2016b) proposed to simultaneously learn the RNN word probabilities and a visual-semantic joint embedding space that enforces the relationship between the semantics of the entire sentence and the visual content.", 
        "40": "Despite these useful recent improvements, video captioning still suffers from limited supervision and generalization capabilities, esp.", 
        "41": "given the complex action-based temporal and story-based logical dynamics that need to be captured from short video clips.", 
        "42": "Our work addresses this issue by bringing in complementary temporal and logical knowledge from video prediction and textual entailment generation tasks (respectively), and training them together via many-to-many multi-task learning.", 
        "43": "Multi-task learning is a useful learning paradigm to improve the supervision and the generalization performance of a task by jointly training it with related tasks (Caruana, 1998; Argyriou et al., 2007; Kumar and Daume\u0301 III, 2012).", 
        "44": "Recently, Luong et al.", 
        "45": "(2016) combined multi-task learning with sequence-to-sequence models, sharing parameters across the tasks\u2019 encoders and decoders.", 
        "46": "They showed improvements on machine translation using parsing and image captioning.", 
        "47": "We additionally incorporate an attention mechanism to this many-to-many multi-task learning approach and improve the multimodal, temporal-logical video captioning task by sharing its video encoder with the encoder of a video-to-video prediction task and by sharing its caption decoder with the decoder of a linguistic premise-to-entailment generation task.", 
        "48": "Image representation learning has been successful via supervision from very large object-labeled datasets.", 
        "49": "However, similar amounts of supervision are lacking for video representation learning.", 
        "50": "Srivastava et al.", 
        "51": "(2015) address this by propos-\ning unsupervised video representation learning via sequence-to-sequence RNN models, where they reconstruct the input video sequence or predict the future sequence.", 
        "52": "We model video generation with an attention-enhanced encoder-decoder and harness it to improve video captioning.", 
        "53": "The task of recognizing textual entailment (RTE) is to classify whether the relationship between a premise and hypothesis sentence is that of entailment (i.e., logically follows), contradiction, or independence (neutral), which is helpful for several downstream NLP tasks.", 
        "54": "The recent Stanford Natural Language Inference (SNLI) corpus by Bowman et al.", 
        "55": "(2015) allowed training end-to-end neural networks that outperform earlier feature-based RTE models (Lai and Hockenmaier, 2014; Jimenez et al., 2014).", 
        "56": "However, directly generating the entailed hypothesis sentences given a premise sentence would be even more beneficial than retrieving or reranking sentence pairs, because most downstream generation tasks only come with the source sentence and not pairs.", 
        "57": "Recently, Kolesnyk et al.", 
        "58": "(2016) tried a sequenceto-sequence model for this on the original SNLI dataset, which is a single-reference setting and hence restricts automatic evaluation.", 
        "59": "We modify the SNLI corpus to a new multi-reference (and a more challenging zero train-test premise overlap) setting, and present a novel multi-task training setup with the related video captioning task (where the caption also entails a video), showing mutual improvements on both the tasks.", 
        "60": "3 Models  We first discuss a simple encoder-decoder model as a baseline reference for video captioning.", 
        "61": "Next, we improve this via an attention mechanism.", 
        "62": "Finally, we present similar models for the unsupervised video prediction and entailment generation tasks, and then combine them with video captioning via the many-to-many multi-task approach.", 
        "63": "3.1 Baseline Sequence-to-Sequence Model  Our baseline model is similar to the standard machine translation encoder-decoder RNN\nmodel (Sutskever et al., 2014) where the final state of the encoder RNN is input as an initial state to the decoder RNN, as shown in Fig.", 
        "64": "2.", 
        "65": "The RNN is based on Long Short Term Memory (LSTM) units, which are good at memorizing long sequences due to forget-style gates (Hochreiter and Schmidhuber, 1997).", 
        "66": "For video captioning, our input to the encoder is the video frame features1 {f1, f2, ..., fn} of length n, and the caption word sequence {w1, w2, ..., wm} of length m is generated during the decoding phase.", 
        "67": "The distribution of the output sequence w.r.t.", 
        "68": "the input sequence is:\np(w1, ..., wm|f1, ..., fn) = m\u220f\nt=1\np(wt|hdt ) (1)\nwhere hdt is the hidden state at the t th time step of the decoder RNN, obtained from hdt\u22121 and wt\u22121 via the standard LSTM-RNN equations.", 
        "69": "The distribution p(wt|hdt ) is given by softmax over all the words in the vocabulary.", 
        "70": "3.2 Attention-based Model  Our attention model architecture is similar to Bahdanau et al.", 
        "71": "(2015), with a bidirectional LSTMRNN as the encoder and a unidirectional LSTMRNN as the decoder, see Fig.", 
        "72": "3.", 
        "73": "At each time step t, the decoder LSTM hidden state hdt is a nonlinear recurrent function of the previous decoder hidden state hdt\u22121, the previous time-step\u2019s generated word wt\u22121, and the context vector ct:\nhdt = S(h d t\u22121, wt\u22121, ct) (2)\n1We use several popular image features such as VGGNet, GoogLeNet and Inception-v4.", 
        "74": "Details in Sec.", 
        "75": "4.1.\nwhere ct is a weighted sum of encoder hidden states {hei}:\nct =\nn\u2211\ni=1\n\u03b1t,ih e i (3)\nThese attention weights {\u03b1t,i} act as an alignment mechanism by giving higher weights to certain encoder hidden states which match that decoder time step better, and are computed as:\n\u03b1t,i = exp(et,i)\u2211n k=1 exp(et,k)\n(4)\nwhere the attention function et,i is defined as:\net,i = w T tanh(W eah e i +W d ah d t\u22121 + ba) (5)\nwhere w, W ea , W d a , and ba are learned parameters.", 
        "76": "This attention-based sequence-to-sequence model (Fig.", 
        "77": "3) is our enhanced baseline for video captioning.", 
        "78": "We next discuss similar models for the new tasks of unsupervised video prediction and entailment generation and then finally share them via multi-task learning.", 
        "79": "3.3 Unsupervised Video Prediction  We model unsupervised video representation by predicting the sequence of future video frames given the current frame sequence.", 
        "80": "Similar to Sec.", 
        "81": "3.2, a bidirectional LSTM-RNN encoder and an LSTM-RNN decoder is used, along with attention.", 
        "82": "If the frame level features of a video of length n are {f1, f2, ..., fn}, these are divided into two sets such that given the current frames {f1, f2, .., fk} (in its encoder), the model has to predict (decode) the rest of the frames {fk+1, fk+2, .., fn}.", 
        "83": "The motivation is that this\nhelps the video encoder learn rich temporal representations that are aware of their action-based context and are also robust to missing frames and varying frame lengths or motion speeds.", 
        "84": "The optimization function is defined as:\nminimize \u03c6\nn\u2212k\u2211\nt=1\n||fdt \u2212 ft+k||22 (6)\nwhere \u03c6 are the model parameters, ft+k is the true future frame feature at decoder time step t and fdt is the decoder\u2019s predicted future frame feature at decoder time step t, defined as:\nfdt = S(h d t\u22121, f d t\u22121, ct) (7)\nsimilar to Eqn.", 
        "85": "2, with hdt\u22121 and f d t\u22121 as the previous time step\u2019s hidden state and predicted frame feature respectively, and ct as the attentionweighted context vector.", 
        "86": "3.4 Entailment Generation  Given a sentence (premise), the task of entailment generation is to generate a sentence (hypothesis) which is a logical deduction or implication of the premise.", 
        "87": "Our entailment generation model again uses a bidirectional LSTM-RNN encoder and LSTM-RNN decoder with an attention mechanism (similar to Sec.", 
        "88": "3.2).", 
        "89": "If the premise sp is a sequence of words {wp1, wp2, ..., wpn} and the hypothesis sh is {wh1 , wh2 , ..., whm}, the distribution of the entailed hypothesis w.r.t.", 
        "90": "the premise is:\np(wh1 , ..., w h m|wp1, ..., wpn) =\nm\u220f\nt=1\np(wht |hdt ) (8)\nwhere the distribution p(wht |hdt ) is again obtained via softmax over all the words in the vocabulary and the decoder state hdt is similar to Eqn.", 
        "91": "2.", 
        "92": "3.5 Multi-Task Learning  Multi-task learning helps in sharing information between different tasks and across domains.", 
        "93": "Our primary aim is to improve the video captioning model, where visual content translates to a textual form in a directed (entailed) generation way.", 
        "94": "Hence, this presents an interesting opportunity to share temporally and logically directed knowledge with both visual and linguistic generation tasks.", 
        "95": "Fig.", 
        "96": "4 shows our overall many-to-many multi-task model for jointly learning video captioning, unsupervised video prediction, and textual entailment generation.", 
        "97": "Here, the video captioning task shares its video encoder (parameters) with the encoder of the video prediction task (one-to-many setting) so as to learn context-aware and temporally-directed visual representations (see Sec.", 
        "98": "3.3).", 
        "99": "Moreover, the decoder of the video captioning task is shared with the decoder of the textual entailment generation task (many-to-one setting), thus helping generate captions that can \u2018entail\u2019, i.e., are logically implied by or follow from the video content (see Sec.", 
        "100": "3.4).2 In both the one-tomany and the many-to-one settings, we also allow the attention parameters to be shared or separated.", 
        "101": "The overall many-to-many setting thus improves both the visual and language representations of the video captioning model.", 
        "102": "We train the multi-task model by alternately optimizing each task in mini-batches based on a mixing ratio.", 
        "103": "Let \u03b1v, \u03b1f , and \u03b1e be the number of mini-batches optimized alternately from each of these three tasks \u2013 video captioning, unsupervised video future frames prediction, and entailment generation, resp.", 
        "104": "Then the mixing ratio is defined as \u03b1v(\u03b1v+\u03b1f+\u03b1e) : \u03b1f (\u03b1v+\u03b1f+\u03b1e) : \u03b1e(\u03b1v+\u03b1f+\u03b1e) .", 
        "105": "4 Experimental Setup    4.1 Datasets  Video Captioning Datasets We report results on three popular video captioning datasets.", 
        "106": "First, we use the YouTube2Text or MSVD (Chen and Dolan, 2011) for our primary results, which con-\n2Empirically, logical entailment helped captioning more than simple fusion with language modeling (i.e., partial sentence completion with no logical implication), because a caption also entails a video in a logically-directed sense and hence the entailment generation task matches the video captioning task better than language modeling.", 
        "107": "Moreover, a multi-task setup is more suitable to add directed information such as entailment (as opposed to pretraining or fusion with only the decoder).", 
        "108": "Details in Sec.", 
        "109": "5.1.\ntains 1970 YouTube videos in the wild with several different reference captions per video (40 on average).", 
        "110": "We also use MSR-VTT (Xu et al., 2016) with 10, 000 diverse video clips (from a video search engine) \u2013 it has 200, 000 video clipsentence pairs and around 20 captions per video; and M-VAD (Torabi et al., 2015) with 49, 000 movie-based video clips but only 1 or 2 captions per video, making most evaluation metrics (except paraphrase-based METEOR) infeasible.", 
        "111": "We use the standard splits for all three datasets.", 
        "112": "Further details about all these datasets are provided in the supplementary.", 
        "113": "Video Prediction Dataset For our unsupervised video representation learning task, we use the UCF-101 action videos dataset (Soomro et al., 2012), which contains 13, 320 video clips of 101 action categories, and suits our video captioning task well because it also contains short video clips of a single action or few actions.", 
        "114": "We use the standard splits \u2013 further details in supplementary.", 
        "115": "Entailment Generation Dataset For the entailment generation encoder-decoder model, we use the Stanford Natural Language Inference (SNLI) corpus (Bowman et al., 2015), which contains human-annotated English sentence pairs with classification labels of entailment, contradiction and neutral.", 
        "116": "It has a total of 570, 152 sentence pairs out of which 190, 113 correspond to true entailment pairs, and we use this subset in our multi-task video captioning model.", 
        "117": "For improving video captioning, we use the same training/validation/test splits as provided by Bowman et al.", 
        "118": "(2015), which is 183, 416 training, 3, 329 validation, and 3, 368 testing pairs (for the entailment subset).", 
        "119": "However, for the entailment generation multitask results (see results in Sec.", 
        "120": "5.3), we modify the splits so as to create a multi-reference setup which can afford evaluation with automatic metrics.", 
        "121": "A given premise usually has multiple entailed hypotheses but the original SNLI corpus is set up as single-reference (for classification).", 
        "122": "Due to this, the different entailed hypotheses of the same premise land up in different splits of the dataset (e.g., one in train and one in test/validation) in many cases.", 
        "123": "Therefore, we regroup the premiseentailment pairs and modify the split as follows: among the 190, 113 premise-entailment pairs subset of the SNLI corpus, there are 155, 898 unique premises; out of which 145, 822 have only one hy-\npothesis and we make this the training set, and the rest of them (10, 076) have more than one hypothesis, which we randomly shuffle and divide equally into test and validation sets, so that each of these two sets has approximately the same distribution of the number of reference hypotheses per premise.", 
        "124": "These new validation and test sets hence contain premises with multiple entailed hypotheses as ground truth references, thus allowing for automatic metric evaluation, where differing generations still get positive scores by matching one of the multiple references.", 
        "125": "Also, this creates a more challenging dataset for entailment generation because of zero premise overlap between the training and val/test sets.", 
        "126": "We will make these split details publicly available.", 
        "127": "Pre-trained Visual Frame Features For the three video captioning and UCF-101 datasets, we fix our sampling rate to 3fps to bring uniformity in the temporal representation of actions across all videos.", 
        "128": "These sampled frames are then converted into features using several stateof-the-art pre-trained models on ImageNet (Deng et al., 2009) \u2013 VGGNet (Simonyan and Zisserman, 2015), GoogLeNet (Szegedy et al., 2015; Ioffe and Szegedy, 2015), and Inception-v4 (Szegedy et al., 2016).", 
        "129": "Details of these feature dimensions and layer positions are in the supplementary.", 
        "130": "4.2 Evaluation (Automatic and Human)  For our video captioning as well as entailment generation results, we use four diverse automatic evaluation metrics that are popular for image/video captioning and language generation in general: METEOR (Denkowski and Lavie, 2014), BLEU-4 (Papineni et al., 2002), CIDEr-D (Vedantam et al., 2015), and ROUGE-L (Lin, 2004).", 
        "131": "Particularly, METEOR and CIDEr-D have been justified to be better for generation tasks, because CIDEr-D uses consensus among the (large) number of references and METEOR uses soft matching based on stemming, paraphrasing, and WordNet synonyms.", 
        "132": "We use the standard evaluation code from the Microsoft COCO server (Chen et al., 2015) to obtain these results and also to compare the results with previous papers.3\nWe also present human evaluation results based\n3We use avg.", 
        "133": "of these four metrics on validation set to choose the best model, except for single-reference M-VAD dataset where we only report and choose based on METEOR.", 
        "134": "on relevance (i.e., how related is the generated caption w.r.t.", 
        "135": "the video contents such as actions, objects, and events; or is the generated hypothesis entailed or implied by the premise) and coherence (i.e., a score on the logic, readability, and fluency of the generated sentence).", 
        "136": "4.3 Training Details  We tune all hyperparameters on the dev splits: LSTM-RNN hidden state size, learning rate, weight initializations, and mini-batch mixing ratios (tuning ranges in supplementary).", 
        "137": "We use the following settings in all of our models (unless otherwise specified): we unroll video encoder/decoder RNNs to 50 time steps and language encoder/decoder RNNs to 30 time steps.", 
        "138": "We use a 1024-dimension RNN hidden state size and 512-dim vectors to embed visual features and word vectors.", 
        "139": "We use Adam optimizer (Kingma and Ba, 2015).", 
        "140": "We apply a dropout of 0.5.", 
        "141": "See subsections below and supp for full details.", 
        "142": "5 Results and Analysis    5.1 Video Captioning on YouTube2Text  Table 1 presents our primary results on the YouTube2Text (MSVD) dataset, reporting several previous works, all our baselines and attention model ablations, and our three multi-task models, using the four automated evaluation metrics.", 
        "143": "For each subsection below, we have reported the important training details inline, and refer to the supplementary for full details (e.g., learning rates and initialization).", 
        "144": "Baseline Performance We first present all our baseline model choices (ablations) in Table 1.", 
        "145": "Our baselines represent the standard sequence-tosequence model with three different visual feature types as well as those with attention mechanisms.", 
        "146": "Each baseline model is trained with three random seed initializations and the average is reported (for stable results).", 
        "147": "The final baseline model \u2297 instead uses an ensemble (E), which is a standard denoising method (Sutskever et al., 2014) that performs inference over ten randomly initialized models, i.e., at each time step t of the decoder, we generate a word based on the avg.", 
        "148": "of the likelihood probabilities from the ten models.", 
        "149": "Moreover, we use beam search with size 5 for all baseline models.", 
        "150": "Overall, the final baseline model with Inceptionv4 features, attention, and 10-ensemble performs\nwell (and is better than all previous state-of-theart), and so we next add all our novel multi-task models on top of this final baseline.", 
        "151": "Multi-Task with Video Prediction (1-to-M) Here, the video captioning and unsupervised video prediction tasks share their encoder LSTM-RNN weights and image embeddings in a one-to-many multi-task setting.", 
        "152": "Two important hyperparameters tuned (on the validation set of captioning datasets) are the ratio of encoder vs decoder frames for video prediction on UCF-101 (where we found that 80% of frames as input and 20% for prediction performs best); and the mini-batch mixing ratio between the captioning and video prediction tasks (where we found 100 : 200 works well).", 
        "153": "Table 1 shows a statistically significant improvement4 in all metrics in comparison to the best baseline (non-multitask) model as well as w.r.t.", 
        "154": "all previous works, demonstrating the effectiveness of multi-task learning for video captioning with video prediction, even with unsupervised signals.", 
        "155": "Multi-Task with Entailment Generation (Mto-1) Here, the video captioning and entailment generation tasks share their language decoder LSTM-RNN weights and word embeddings in a many-to-one multi-task setting.", 
        "156": "We observe\n4Statistical significance of p < 0.01 for CIDEr-D and ROUGE-L, p < 0.02 for BLEU-4, p < 0.03 for METEOR, based on the bootstrap test (Noreen, 1989; Efron and Tibshirani, 1994) with 100K samples.", 
        "157": "that a mixing ratio of 100 : 50 alternating minibatches (between the captioning and entailment tasks) works well here.", 
        "158": "Again, Table 1 shows statistically significant improvements5 in all the metrics in comparison to the best baseline model (and all previous works) under this multi-task setting.", 
        "159": "Note that in our initial experiments, our entailment generation model helped the video captioning task significantly more than the alternative approach of simply improving fluency by adding (or deep-fusing) an external language model (or pre-trained word embeddings) to the decoder (using both in-domain and out-of-domain language models), again because a caption also \u2018entails\u2019 a video in a logically-directed sense and hence this matches our captioning task better (also see results of Venugopalan et al.", 
        "160": "(2016) in Table 1).", 
        "161": "Multi-Task with Video and Entailment Generation (M-to-M) Combining the above one-tomany and many-to-one multi-task learning models, our full model is the 3-task, many-to-many model (Fig.", 
        "162": "4) where both the video encoder and the language decoder of the video captioning model are shared (and hence improved) with that of the unsupervised video prediction and entailment generation models, respectively.6 A mixing ratio of 100 : 100 : 50 alternate mini-batches\n5Statistical significance of p < 0.01 for all four metrics.", 
        "163": "6We found the setting with unshared attention parameters to work best, likely because video captioning and video prediction prefer very different alignment distributions.", 
        "164": "of video captioning, unsupervised video prediction, and entailment generation, resp.", 
        "165": "works well.", 
        "166": "Table 1 shows that our many-to-many multi-task model again outperforms our strongest baseline (with statistical significance of p < 0.01 on all metrics), as well as all the previous state-of-theart results by large absolute margins on all metrics.", 
        "167": "It also achieves significant improvements on some metrics over the one-to-many and many-toone models.7 Overall, we achieve the best results to date on YouTube2Text (MSVD) on all metrics.", 
        "168": "5.2 Video Captioning on MSR-VTT, M-VAD  In Table 2, we also train and evaluate our final many-to-many multi-task model on two other video captioning datasets (using their standard splits; details in supplementary).", 
        "169": "First, we evaluate on the new MSR-VTT dataset (Xu et al., 2016).", 
        "170": "Since this is a recent dataset, we list previous works\u2019 results as reported by the MSR-VTT dataset paper itself.8 We improve over all of these significantly.", 
        "171": "Moreover, they maintain a leaderboard9 on this dataset and we also report the top 3 systems from it.", 
        "172": "Based on their ranking method, our multi-task model achieves the new rank 1 on this leaderboard.", 
        "173": "In Table 3, we further evaluate our model on the challenging movie-based M-VAD dataset, and again achieve improvements over all previous work (Venugopalan et al., 2015a;\n7Many-to-many model\u2019s improvements have a statistical significance of p < 0.01 on all metrics w.r.t.", 
        "174": "baseline, and p < 0.01 on CIDEr-D w.r.t.", 
        "175": "both one-to-many and many-toone models, and p < 0.04 on METEOR w.r.t.", 
        "176": "one-to-many.", 
        "177": "8In their updated supplementary at https: //www.microsoft.com/en-us/research/wp-content/ uploads/2016/10/cvpr16.supplementary.pdf\n9 http://ms-multimedia-challenge.com/leaderboard\nPan et al., 2016a; Yao et al., 2015).10  5.3 Entailment Generation Results  Above, we showed that the new entailment generation task helps improve video captioning.", 
        "178": "Next, we show that the video captioning task also inversely helps the entailment generation task.", 
        "179": "Given a premise, the task of entailment generation is to generate an entailed hypothesis.", 
        "180": "We use only the entailment pairs subset of the SNLI corpus for this, but with a multi-reference split setup to allow automatic metric evaluation and a zero traintest premise overlap (see Sec.", 
        "181": "4.1).", 
        "182": "All the hyperparameter details (again tuned on the validation set) are presented in the supplementary.", 
        "183": "Table 4 presents the entailment generation results for the baseline (sequence-to-sequence with attention, 3- ensemble, beam search) and the multi-task model which uses video captioning (shared decoder) on top of the baseline.", 
        "184": "A mixing ratio of 100 : 20 alternate mini-batches of entailment generation and video captioning (resp.)", 
        "185": "works well.11 The multitask model achieves stat.", 
        "186": "significant (p < 0.01) improvements over the baseline on all metrics, thus demonstrating that video captioning and entailment generation both mutually help each other.", 
        "187": "5.4 Human Evaluation  In addition to the automated evaluation metrics, we present pilot-scale human evaluations on the YouTube2Text (Table 1) and entailment generation (Table 4) results.", 
        "188": "In each case, we compare our strongest baseline with our final multi-task model by taking a random sample of 200 generated captions (or entailed hypotheses) from the test set and removing the model identity to anonymize the two models, and ask the human evaluator to choose the better model based on relevance and coherence (described in Sec.", 
        "189": "4.2).", 
        "190": "As shown in Table 5, the multi-task models are always better than the strongest baseline for both video captioning and entailment generation, on both relevance\n10Following previous work, we only use METEOR because M-VAD only has a single reference caption per video.", 
        "191": "11Note that this many-to-one model prefers a different mixing ratio and learning rate than the many-to-one model for improving video captioning (Sec.", 
        "192": "5.1), because these hyperparameters depend on the primary task being improved, as also discussed in previous work (Luong et al., 2016).", 
        "193": "and coherence, and with similar improvements (2- 7%) as the automatic metrics (shown in Table 1).", 
        "194": "5.5 Analysis  Fig.", 
        "195": "5 shows video captioning generation results on the YouTube2Text dataset where our final M-to-M multi-task model is compared with our strongest attention-based baseline model for three categories of videos: (a) complex examples where the multi-task model performs better than the baseline; (b) ambiguous examples (i.e., ground truth itself confusing) where multi-task model still correctly predicts one of the possible categories (c) complex examples where both models perform poorly.", 
        "196": "Overall, we find that the multi-task model generates captions that are better at both temporal action prediction and logical entailment (i.e., correct subset of full video premise) w.r.t.", 
        "197": "the ground truth captions.", 
        "198": "The supplementary also provides\nablation examples of improvements by the 1-to-M video prediction based multi-task model alone, as well as by the M-to-1 entailment based multi-task model alone (over the baseline).", 
        "199": "On analyzing the cases where the baseline is better than the final M-to-M multi-task model, we find that these are often scenarios where the multitask model\u2019s caption is also correct but the baseline caption is a bit more specific, e.g., \u201ca man is holding a gun\u201d vs \u201ca man is shooting a gun\u201d.", 
        "200": "Finally, Table 6 presents output examples of our entailment generation multi-task model (Sec.", 
        "201": "5.3), showing how the model accurately learns to produce logically implied subsets of the premise.", 
        "202": "6 Conclusion  We presented a multimodal, multi-task learning approach to improve video captioning by incorporating temporally and logically directed knowledge via video prediction and entailment generation tasks.", 
        "203": "We achieve the best reported results (and rank) on three datasets, based on multiple automatic and human evaluations.", 
        "204": "We also show mutual multi-task improvements on the new entailment generation task.", 
        "205": "In future work, we are applying our entailment-based multi-task paradigm to other directed language generation tasks such as image captioning and document summarization.", 
        "206": "Acknowledgments  We thank the anonymous reviewers for their helpful comments.", 
        "207": "This work was partially supported by a Google Faculty Research Award, an IBM Faculty Award, a Bloomberg Data Science Research Grant, and NVidia GPU awards."
    }, 
    "document_id": "P17-1117.pdf.json"
}
